image,Rank_A_equal,Rank_B_extent,Rank_C_width,Rank_D_extent_width
20160222_081011_1281_721,1056.0,1033.0,1005.0,977.0
20160222_081011_1921_721,156.0,144.0,136.0,143.0
20160222_081011_1_361,264.0,262.0,241.0,232.0
20160222_081011_1_721,814.0,772.0,750.0,692.0
20160222_081011_641_361,204.0,187.0,176.0,171.0
20160222_081011_641_721,548.0,529.0,513.0,496.0
20160222_081031_1281_361,1148.0,1216.0,1180.0,1208.0
20160222_081031_1921_361,1609.0,1636.0,1660.0,1681.0
20160222_081031_1921_721,317.0,347.0,375.0,385.0
20160222_081031_1_721,1228.0,1318.0,1288.0,1324.0
20160222_081031_641_361,1644.0,1654.0,1677.0,1696.0
20160222_081031_641_721,580.0,635.0,772.0,815.0
20160222_081102_1281_361,706.0,729.0,704.0,640.0
20160222_081102_1281_721,381.0,419.0,388.0,356.0
20160222_081102_1921_1,15.0,15.0,14.0,11.0
20160222_081102_1921_1081,385.0,393.0,374.0,338.0
20160222_081102_1921_361,455.0,448.0,442.0,425.0
20160222_081102_1921_721,395.0,428.0,393.0,371.0
20160222_081102_1_721,293.0,239.0,232.0,240.0
20160222_081102_641_361,23.0,23.0,22.0,20.0
20160222_081102_641_721,424.0,466.0,431.0,400.0
20160222_081111_1281_361,567.0,562.0,580.0,561.0
20160222_081111_1281_721,145.0,133.0,131.0,135.0
20160222_081111_1921_721,338.0,361.0,328.0,296.0
20160222_081111_1_1,102.0,88.0,76.0,80.0
20160222_081111_1_361,506.0,521.0,484.0,424.0
20160222_081111_641_361,399.0,411.0,378.0,341.0
20160222_081113_1281_361,117.0,99.0,96.0,93.0
20160222_081113_1281_721,630.0,622.0,608.0,583.0
20160222_081113_1921_721,534.0,586.0,561.0,535.0
20160222_081113_1_1,13.0,13.0,11.0,12.0
20160222_081113_1_361,466.0,420.0,397.0,372.0
20160222_081113_1_721,800.0,747.0,709.0,646.0
20160222_081113_641_361,467.0,454.0,435.0,405.0
20160222_081113_641_721,212.0,194.0,186.0,181.0
20160222_081908_1281_1,104.0,94.0,82.0,83.0
20160222_081908_1281_1081,100.0,90.0,78.0,79.0
20160222_081908_1281_361,4.0,4.0,4.0,4.0
20160222_081908_1281_721,1127.0,1038.0,1009.0,948.0
20160222_081908_1_1,27.0,27.0,26.0,22.0
20160222_081908_1_1081,39.0,39.0,34.0,32.0
20160222_081908_1_361,95.0,92.0,81.0,72.0
20160222_081908_1_721,106.0,101.0,93.0,84.0
20160222_081908_641_361,400.0,324.0,307.0,308.0
20160222_081908_641_721,831.0,846.0,810.0,697.0
20160222_082414_1281_1081,718.0,749.0,721.0,714.0
20160222_082414_1281_361,116.0,106.0,98.0,94.0
20160222_082414_1281_721,413.0,446.0,419.0,417.0
20160222_082414_1_361,908.0,847.0,835.0,785.0
20160222_082414_641_361,1024.0,1007.0,964.0,923.0
20160222_114806_1281_1,930.0,869.0,829.0,765.0
20160222_114806_1281_1081,775.0,779.0,743.0,631.0
20160222_114806_1281_361,722.0,732.0,685.0,616.0
20160222_114806_1281_721,659.0,641.0,616.0,547.0
20160222_115219_1281_361,232.0,219.0,203.0,196.0
20160222_115219_1281_721,339.0,323.0,299.0,276.0
20160222_115219_1921_1081,19.0,19.0,18.0,17.0
20160222_115219_641_1,351.0,360.0,339.0,332.0
20160222_115219_641_361,122.0,103.0,95.0,100.0
20160222_115233_1281_361,226.0,237.0,221.0,211.0
20160222_115233_1281_721,109.0,100.0,92.0,88.0
20160222_115233_1921_721,348.0,403.0,360.0,351.0
20160222_115233_1_361,559.0,552.0,519.0,466.0
20160222_115233_1_721,101.0,89.0,77.0,81.0
20160222_115233_641_361,641.0,633.0,615.0,586.0
20160222_115324_1281_1,43.0,43.0,39.0,37.0
20160222_115324_1281_361,494.0,458.0,438.0,411.0
20160222_115324_1281_721,1153.0,1046.0,1098.0,1115.0
20160222_115324_1_1,389.0,400.0,372.0,328.0
20160222_115324_641_1081,883.0,874.0,868.0,891.0
20160222_115324_641_361,452.0,460.0,437.0,412.0
20160222_115324_641_721,605.0,578.0,579.0,557.0
20160222_115519_641_1,325.0,315.0,305.0,298.0
20160222_115519_641_1081,513.0,494.0,485.0,483.0
20160222_115519_641_361,318.0,307.0,296.0,288.0
20160222_115519_641_721,397.0,365.0,345.0,327.0
20160222_115620_1281_1,147.0,136.0,138.0,136.0
20160222_115620_641_1081,464.0,426.0,409.0,404.0
20160222_115620_641_721,189.0,198.0,193.0,173.0
20160222_115714_1281_1081,235.0,228.0,208.0,197.0
20160222_115714_1281_721,77.0,75.0,67.0,57.0
20160222_115714_641_1,98.0,97.0,84.0,76.0
20160222_115714_641_361,372.0,346.0,320.0,305.0
20160222_115738_1281_1,7.0,7.0,6.0,6.0
20160222_115738_1281_1081,191.0,200.0,189.0,168.0
20160222_115738_1281_361,113.0,108.0,100.0,89.0
20160222_115738_1281_721,166.0,163.0,160.0,155.0
20160222_115738_641_1081,74.0,73.0,66.0,53.0
20160222_115805_641_1,362.0,339.0,317.0,309.0
20160222_115805_641_1081,129.0,138.0,129.0,108.0
20160222_115805_641_361,148.0,153.0,137.0,128.0
20160222_115805_641_721,139.0,132.0,123.0,118.0
20160222_115828_641_1,213.0,197.0,187.0,183.0
20160222_115828_641_1081,138.0,154.0,153.0,148.0
20160222_115828_641_361,244.0,238.0,218.0,207.0
20160222_115828_641_721,370.0,354.0,340.0,331.0
20160222_115833_1281_1081,155.0,152.0,150.0,144.0
20160222_115833_1281_361,377.0,314.0,303.0,310.0
20160222_115833_1281_721,522.0,495.0,475.0,443.0
20160222_115833_1921_1081,224.0,211.0,200.0,190.0
20160222_115833_641_1,217.0,205.0,196.0,186.0
20160222_115833_641_361,433.0,418.0,398.0,381.0
20160222_115843_1281_1,439.0,422.0,416.0,414.0
20160222_115843_1281_361,140.0,130.0,126.0,119.0
20160222_115843_1281_721,228.0,183.0,175.0,184.0
20160222_115843_641_1081,63.0,64.0,53.0,47.0
20160222_115847_1281_1,518.0,456.0,444.0,429.0
20160222_115847_1281_361,276.0,220.0,209.0,217.0
20160222_115847_641_1081,195.0,181.0,173.0,165.0
20160222_115847_641_361,99.0,86.0,74.0,77.0
20160222_115847_641_721,283.0,251.0,235.0,220.0
20160222_115858_641_1,187.0,168.0,165.0,154.0
20160222_115858_641_1081,478.0,407.0,390.0,376.0
20160222_115858_641_361,186.0,162.0,159.0,152.0
20160222_115858_641_721,134.0,124.0,119.0,116.0
20160222_163930_1281_361,719.0,782.0,828.0,832.0
20160222_163930_1281_721,851.0,899.0,913.0,918.0
20160222_163930_1921_1081,1285.0,1222.0,1235.0,1226.0
20160222_163930_1921_721,1512.0,1555.0,1531.0,1525.0
20160222_163930_1_1,454.0,462.0,439.0,377.0
20160222_163930_1_1081,432.0,478.0,446.0,374.0
20160222_163930_1_361,1270.0,1274.0,1246.0,1157.0
20160222_163930_1_721,1186.0,1204.0,1190.0,1081.0
20160222_163930_641_1,802.0,792.0,756.0,678.0
20160222_163930_641_361,961.0,998.0,951.0,850.0
20160222_163930_641_721,483.0,447.0,464.0,476.0
20160222_164021_1281_1,592.0,577.0,560.0,531.0
20160222_164021_1281_361,1105.0,1027.0,1026.0,1001.0
20160222_164021_641_1081,331.0,296.0,269.0,263.0
20160222_164021_641_361,606.0,501.0,488.0,503.0
20160222_164021_641_721,824.0,767.0,764.0,769.0
20160222_164822_1281_1,411.0,401.0,452.0,468.0
20160222_164822_1281_361,322.0,310.0,333.0,348.0
20160222_164822_1281_721,301.0,308.0,309.0,318.0
20160222_164822_641_1,369.0,402.0,405.0,416.0
20160222_164822_641_1081,430.0,504.0,506.0,523.0
20160222_164822_641_361,288.0,328.0,343.0,355.0
20160222_164822_641_721,346.0,343.0,355.0,387.0
20160222_164825_1281_1,808.0,852.0,870.0,880.0
20160222_164825_1281_361,441.0,496.0,476.0,478.0
20160222_164825_1281_721,321.0,304.0,313.0,335.0
20160222_164825_641_1081,1119.0,1137.0,1158.0,1193.0
20160222_164825_641_721,655.0,730.0,720.0,740.0
20160222_164920_641_1,277.0,246.0,230.0,216.0
20160222_164920_641_361,617.0,575.0,583.0,589.0
20160222_164920_641_721,35.0,33.0,37.0,40.0
20160222_164936_641_1,150.0,148.0,146.0,137.0
20160222_164936_641_1081,28.0,30.0,27.0,26.0
20160222_164936_641_361,221.0,233.0,210.0,213.0
20160222_164936_641_721,136.0,156.0,147.0,140.0
20160222_165012_1281_1,18.0,18.0,17.0,16.0
20160222_165012_641_1,114.0,96.0,83.0,87.0
20160222_165012_641_361,34.0,36.0,32.0,31.0
20160222_165012_641_721,107.0,104.0,94.0,86.0
20160222_165031_641_1,692.0,603.0,591.0,569.0
20160222_165031_641_1081,987.0,968.0,983.0,1015.0
20160222_165031_641_361,757.0,670.0,662.0,670.0
20160222_165031_641_721,560.0,589.0,588.0,601.0
20160222_165037_1281_721,776.0,799.0,793.0,768.0
20160222_165037_1921_361,152.0,158.0,142.0,131.0
20160222_165037_1921_721,118.0,107.0,99.0,96.0
20160222_165037_1_361,1350.0,1359.0,1394.0,1395.0
20160222_165037_1_721,474.0,486.0,528.0,534.0
20160222_165037_641_361,1212.0,1157.0,1141.0,1118.0
20160222_165037_641_721,423.0,382.0,385.0,393.0
20160222_165218_1281_721,819.0,871.0,831.0,799.0
20160222_165218_1921_1081,46.0,46.0,45.0,46.0
20160222_165218_1921_721,1197.0,1224.0,1202.0,1116.0
20160222_165218_1_361,248.0,245.0,225.0,206.0
20160222_165218_641_1,56.0,58.0,47.0,44.0
20160222_165218_641_361,219.0,201.0,192.0,189.0
20160222_165218_641_721,393.0,439.0,406.0,369.0
20160222_165256_1281_1,20.0,20.0,21.0,21.0
20160222_165256_1281_361,142.0,140.0,128.0,126.0
20160222_165256_1281_721,626.0,615.0,586.0,537.0
20160222_165256_1921_1081,121.0,129.0,125.0,124.0
20160222_165256_641_1,26.0,26.0,23.0,23.0
20160222_165256_641_721,304.0,330.0,300.0,274.0
20160222_165625_1281_361,309.0,285.0,265.0,238.0
20160222_165625_1921_361,375.0,399.0,371.0,313.0
20160222_165625_1921_721,261.0,229.0,222.0,222.0
20160222_165625_1_721,402.0,385.0,365.0,330.0
20160222_165625_641_361,42.0,42.0,38.0,35.0
20160222_165625_641_721,312.0,279.0,261.0,241.0
20160222_165715_1281_361,707.0,627.0,614.0,582.0
20160222_165715_1921_361,453.0,415.0,395.0,360.0
20160222_165715_1921_721,231.0,188.0,179.0,188.0
20160222_165715_1_721,877.0,831.0,817.0,786.0
20160222_165715_641_721,598.0,612.0,605.0,562.0
20160222_165909_1281_1081,169.0,167.0,162.0,160.0
20160222_165909_1281_361,314.0,319.0,295.0,252.0
20160222_165909_1281_721,108.0,91.0,80.0,85.0
20160222_165909_1921_361,438.0,436.0,413.0,364.0
20160222_165909_1_1,168.0,189.0,178.0,167.0
20160222_165909_1_361,132.0,111.0,103.0,106.0
20160222_165909_641_361,794.0,812.0,759.0,674.0
20160222_165909_641_721,133.0,127.0,117.0,112.0
20160222_165919_1281_1,699.0,674.0,670.0,648.0
20160222_165919_1281_361,357.0,367.0,341.0,316.0
20160222_165919_1281_721,69.0,71.0,59.0,54.0
20160222_165919_1921_721,38.0,38.0,33.0,29.0
20160222_165919_1_361,263.0,261.0,249.0,223.0
20160222_165919_1_721,44.0,44.0,42.0,36.0
20160222_165919_641_361,783.0,756.0,722.0,644.0
20160222_165919_641_721,296.0,298.0,283.0,250.0
20160222_165937_1281_361,178.0,193.0,183.0,150.0
20160222_165937_1281_721,713.0,764.0,735.0,708.0
20160222_165937_1921_721,695.0,714.0,688.0,667.0
20160222_165937_1_1081,1271.0,1285.0,1294.0,1292.0
20160222_165937_1_361,251.0,271.0,243.0,215.0
20160222_165937_1_721,344.0,334.0,323.0,323.0
20160222_165937_641_361,462.0,485.0,461.0,399.0
20160222_165937_641_721,390.0,440.0,414.0,389.0
20160222_165947_1281_721,353.0,406.0,380.0,370.0
20160222_165947_1921_721,382.0,425.0,420.0,409.0
20160222_165947_1_721,272.0,303.0,278.0,262.0
20160222_165947_641_1,292.0,256.0,239.0,231.0
20160222_165947_641_361,236.0,212.0,201.0,203.0
20160222_165947_641_721,861.0,873.0,857.0,839.0
20160225_114503_1281_1,554.0,468.0,457.0,450.0
20160225_114503_1281_361,1552.0,1549.0,1539.0,1543.0
20160225_114503_1281_721,480.0,491.0,494.0,490.0
20160225_114503_1921_1,864.0,931.0,906.0,928.0
20160225_114503_1921_361,1141.0,1164.0,1189.0,1218.0
20160225_114503_1_1081,21.0,21.0,19.0,19.0
20160225_114503_1_361,1161.0,1045.0,1035.0,955.0
20160225_114503_1_721,1215.0,1165.0,1165.0,1127.0
20160225_114503_641_1,78.0,80.0,72.0,69.0
20160225_114503_641_1081,966.0,958.0,949.0,888.0
20160225_114503_641_361,1596.0,1548.0,1552.0,1503.0
20160225_114503_641_721,701.0,709.0,705.0,672.0
20160302_155848_1281_361,898.0,973.0,971.0,1029.0
20160302_155848_1281_721,442.0,524.0,515.0,540.0
20160302_155848_1921_1,188.0,222.0,220.0,224.0
20160302_155848_1921_361,1665.0,1700.0,1699.0,1725.0
20160302_155848_1_721,1038.0,1150.0,1137.0,1190.0
20160302_155848_641_721,870.0,961.0,916.0,936.0
20160302_155914_1081_641,97.0,87.0,75.0,75.0
20160302_155914_361_1281,1076.0,1152.0,1140.0,1174.0
20160302_155914_361_1921,889.0,972.0,946.0,967.0
20160302_155914_361_641,51.0,53.0,52.0,51.0
20160302_155914_721_641,919.0,949.0,989.0,985.0
20160303_091825_1281_361,1223.0,1215.0,1197.0,1183.0
20160303_091825_1921_361,185.0,202.0,248.0,260.0
20160303_091825_1921_721,976.0,992.0,978.0,991.0
20160303_091825_1_1,86.0,84.0,111.0,115.0
20160303_091825_641_1,1168.0,1107.0,1082.0,1063.0
20160303_091825_641_1081,443.0,397.0,379.0,380.0
20160303_091825_641_361,1046.0,1014.0,997.0,970.0
20160303_091825_641_721,422.0,394.0,367.0,362.0
20160303_091830_1_1921,1372.0,1393.0,1378.0,1393.0
20160303_091830_361_1281,1156.0,1051.0,1045.0,1020.0
20160303_091830_361_1921,1117.0,1133.0,1130.0,1085.0
20160303_091830_721_1,811.0,834.0,815.0,814.0
20160303_091830_721_1281,614.0,502.0,496.0,509.0
20160303_091830_721_641,1185.0,1117.0,1118.0,1082.0
20160303_091837_361_1,536.0,543.0,521.0,512.0
20160303_091837_361_1281,956.0,821.0,811.0,791.0
20160303_091837_361_641,1591.0,1539.0,1537.0,1502.0
20160303_091837_721_1,1257.0,1198.0,1200.0,1141.0
20160303_091837_721_1281,948.0,860.0,840.0,816.0
20160303_091837_721_1921,1237.0,1195.0,1157.0,1098.0
20160306_104522_1281_1081,5.0,5.0,5.0,5.0
20160306_104522_1281_361,1267.0,1268.0,1313.0,1315.0
20160306_104522_1281_721,1437.0,1439.0,1473.0,1455.0
20160306_104522_1921_361,394.0,435.0,428.0,427.0
20160306_104522_1921_721,469.0,424.0,429.0,437.0
20160306_104522_1_361,1757.0,1748.0,1729.0,1713.0
20160306_104522_1_721,218.0,241.0,271.0,291.0
20160306_104522_641_361,1448.0,1437.0,1456.0,1443.0
20160306_104522_641_721,1316.0,1311.0,1366.0,1368.0
20160306_104527_1281_361,1377.0,1372.0,1418.0,1429.0
20160306_104527_1281_721,1431.0,1468.0,1449.0,1421.0
20160306_104527_1921_721,1856.0,1861.0,1863.0,1864.0
20160306_104527_1_361,1256.0,1267.0,1240.0,1261.0
20160306_104527_641_361,1537.0,1531.0,1567.0,1558.0
20160306_104527_641_721,1275.0,1300.0,1300.0,1321.0
20160307_144115_1281_1,216.0,224.0,212.0,208.0
20160307_144115_1281_361,619.0,601.0,602.0,611.0
20160307_144115_1281_721,81.0,85.0,105.0,109.0
20160307_144115_641_1081,182.0,184.0,181.0,178.0
20160307_144115_641_721,181.0,172.0,177.0,176.0
20160307_144252_1281_1,493.0,449.0,432.0,433.0
20160307_144252_1281_361,505.0,470.0,451.0,448.0
20160307_144252_1281_721,376.0,370.0,348.0,342.0
20160307_144252_641_1081,793.0,708.0,699.0,690.0
20160307_144924_1281_361,151.0,155.0,145.0,132.0
20160307_144924_1281_721,25.0,25.0,25.0,25.0
20160307_144924_1921_1,10.0,10.0,12.0,14.0
20160307_144924_1921_361,540.0,499.0,470.0,434.0
20160307_144924_1_361,668.0,609.0,596.0,524.0
20160307_144924_641_361,12.0,12.0,10.0,10.0
20160307_144924_641_721,197.0,173.0,168.0,166.0
20160307_144931_1281_1,225.0,210.0,197.0,193.0
20160307_144931_1281_361,165.0,164.0,158.0,156.0
20160307_144931_1281_721,693.0,741.0,702.0,695.0
20160307_144931_1921_721,662.0,672.0,642.0,627.0
20160307_144931_1_361,588.0,605.0,595.0,551.0
20160307_144931_1_721,211.0,203.0,214.0,214.0
20160307_144931_641_361,193.0,207.0,194.0,187.0
20160307_144931_641_721,198.0,195.0,199.0,205.0
20160307_145000_1281_361,568.0,613.0,584.0,567.0
20160307_145000_1921_361,96.0,116.0,132.0,139.0
20160307_145000_1921_721,703.0,797.0,761.0,782.0
20160307_145000_1_721,1086.0,1142.0,1136.0,1163.0
20160307_145000_641_361,456.0,506.0,477.0,467.0
20160307_145000_641_721,57.0,56.0,55.0,58.0
20160307_145107_1281_361,458.0,481.0,511.0,515.0
20160307_145107_1281_721,585.0,648.0,651.0,669.0
20160307_145107_1921_1,1358.0,1443.0,1470.0,1536.0
20160307_145107_1921_1081,110.0,125.0,122.0,127.0
20160307_145107_1921_361,879.0,906.0,884.0,881.0
20160307_145107_1921_721,547.0,503.0,532.0,545.0
20160307_145107_1_1,250.0,294.0,275.0,281.0
20160307_145107_1_361,47.0,47.0,48.0,52.0
20160307_145107_641_1081,1074.0,1099.0,1086.0,1129.0
20160307_145107_641_361,210.0,217.0,204.0,212.0
20160307_145107_641_721,1067.0,1114.0,1074.0,1064.0
20160307_145113_1281_361,504.0,475.0,486.0,501.0
20160307_145113_1281_721,913.0,877.0,841.0,837.0
20160307_145113_1921_1081,29.0,29.0,29.0,28.0
20160307_145113_1921_361,1294.0,1295.0,1280.0,1267.0
20160307_145113_1_361,192.0,215.0,251.0,273.0
20160307_145113_1_721,627.0,623.0,606.0,576.0
20160307_145113_641_721,1144.0,1138.0,1125.0,1107.0
20160307_145255_361_1,634.0,711.0,687.0,723.0
20160307_145255_361_1281,1373.0,1414.0,1411.0,1420.0
20160307_145255_361_1921,682.0,765.0,741.0,763.0
20160307_145255_361_641,792.0,859.0,886.0,902.0
20160307_145255_721_1,410.0,476.0,497.0,518.0
20160307_145255_721_641,524.0,557.0,587.0,608.0
20160307_145259_1281_361,935.0,1019.0,996.0,1023.0
20160307_145259_1921_361,969.0,1016.0,1037.0,1040.0
20160307_145259_1921_721,448.0,464.0,463.0,456.0
20160307_145259_1_361,1083.0,1161.0,1104.0,1156.0
20160307_145259_641_361,660.0,686.0,708.0,731.0
20160307_145259_641_721,711.0,751.0,771.0,801.0
20160308_072831_1281_361,1362.0,1376.0,1373.0,1387.0
20160308_072831_1921_361,895.0,863.0,940.0,960.0
20160308_072831_1921_721,694.0,770.0,769.0,772.0
20160308_072831_641_1,1451.0,1490.0,1500.0,1524.0
20160308_072831_641_1081,1014.0,1028.0,1032.0,1053.0
20160308_072831_641_361,1312.0,1364.0,1354.0,1353.0
20160308_072831_641_721,650.0,689.0,677.0,726.0
20160308_072844_1281_721,1171.0,1241.0,1209.0,1241.0
20160308_072844_1921_1,732.0,845.0,838.0,871.0
20160308_072844_1921_361,457.0,532.0,516.0,532.0
20160308_072844_1921_721,112.0,120.0,140.0,149.0
20160308_072844_1_721,1326.0,1401.0,1382.0,1430.0
20160308_072844_641_721,1565.0,1602.0,1590.0,1621.0
20160308_072935_1281_361,11.0,11.0,13.0,15.0
20160308_072935_1281_721,1069.0,1108.0,1077.0,1100.0
20160308_072935_1921_361,1331.0,1358.0,1367.0,1372.0
20160308_072935_1921_721,1068.0,1006.0,1114.0,1155.0
20160308_072935_1_361,1517.0,1507.0,1493.0,1511.0
20160308_072935_641_361,1605.0,1606.0,1592.0,1604.0
20160308_072935_641_721,345.0,337.0,356.0,384.0
20160308_073014_1281_361,446.0,484.0,597.0,617.0
20160308_073014_1281_721,1178.0,1272.0,1254.0,1276.0
20160308_073014_1921_361,1286.0,1362.0,1387.0,1413.0
20160308_073014_1921_721,648.0,583.0,633.0,664.0
20160308_073014_1_361,880.0,978.0,1025.0,1090.0
20160308_073014_1_721,1015.0,1134.0,1105.0,1195.0
20160308_073014_641_721,1584.0,1644.0,1632.0,1667.0
20160308_073213_1281_721,840.0,892.0,901.0,890.0
20160308_073213_1921_1081,916.0,984.0,991.0,992.0
20160308_073213_1_1,993.0,1053.0,1093.0,1146.0
20160308_073213_1_361,601.0,703.0,693.0,730.0
20160308_073213_641_361,17.0,17.0,20.0,24.0
20160308_073213_641_721,1044.0,1115.0,1143.0,1177.0
20160308_073356_1281_1081,269.0,318.0,315.0,326.0
20160308_073356_1281_361,688.0,704.0,807.0,833.0
20160308_073356_1281_721,366.0,388.0,401.0,419.0
20160308_073356_641_1,1040.0,1020.0,1004.0,1022.0
20160308_073356_641_1081,54.0,55.0,57.0,61.0
20160308_073356_641_361,227.0,253.0,263.0,268.0
20160308_073356_641_721,115.0,121.0,143.0,151.0
20160308_074702_1281_361,1676.0,1724.0,1733.0,1754.0
20160308_074702_1281_721,85.0,81.0,110.0,114.0
20160308_074702_1921_361,1527.0,1601.0,1581.0,1635.0
20160308_074702_1_1081,158.0,175.0,190.0,202.0
20160308_074702_1_361,1398.0,1449.0,1460.0,1480.0
20160308_074702_1_721,873.0,945.0,992.0,971.0
20160308_074702_641_361,1490.0,1552.0,1578.0,1609.0
20160308_074702_641_721,1167.0,1227.0,1304.0,1344.0
20160308_155720_1281_1,1288.0,1281.0,1267.0,1253.0
20160308_155720_1281_1081,1480.0,1462.0,1495.0,1462.0
20160308_155720_1281_361,631.0,666.0,631.0,620.0
20160308_155720_1281_721,1607.0,1618.0,1585.0,1564.0
20160308_155720_1921_1,1306.0,1301.0,1275.0,1250.0
20160308_155720_1921_361,313.0,249.0,238.0,245.0
20160308_155720_1921_721,497.0,527.0,499.0,474.0
20160308_155720_1_1,1202.0,1219.0,1188.0,1164.0
20160308_155720_1_1081,93.0,113.0,106.0,78.0
20160308_155720_1_361,62.0,62.0,65.0,67.0
20160308_155720_641_1,689.0,691.0,672.0,677.0
20160308_155720_641_1081,995.0,1001.0,968.0,912.0
20160308_155720_641_361,1085.0,1059.0,1049.0,1054.0
20160308_155720_641_721,1229.0,1255.0,1225.0,1169.0
20160308_155828_1281_721,651.0,669.0,668.0,661.0
20160308_155828_1921_361,184.0,204.0,226.0,228.0
20160308_155828_1921_721,643.0,655.0,712.0,703.0
20160308_155828_1_361,160.0,177.0,170.0,153.0
20160308_155828_1_721,16.0,16.0,16.0,13.0
20160308_155828_641_721,680.0,644.0,625.0,605.0
20160308_160053_1281_361,1078.0,1160.0,1146.0,1182.0
20160308_160053_1921_361,1025.0,1098.0,1075.0,1114.0
20160308_160053_1_361,302.0,332.0,377.0,395.0
20160308_160053_1_721,1106.0,1228.0,1230.0,1273.0
20160308_160053_641_361,822.0,921.0,922.0,930.0
20160308_160053_641_721,61.0,61.0,63.0,64.0
20160310_114446_641_1,1489.0,1518.0,1533.0,1567.0
20160310_114446_641_1081,904.0,976.0,985.0,1046.0
20160310_114446_641_361,1678.0,1682.0,1692.0,1711.0
20160310_114446_641_721,1663.0,1663.0,1693.0,1692.0
20160316_141721_1281_721,553.0,614.0,566.0,527.0
20160316_141721_1921_361,241.0,272.0,280.0,284.0
20160316_141721_1921_721,327.0,348.0,331.0,322.0
20160316_141721_1_721,734.0,760.0,740.0,724.0
20160316_141721_641_721,736.0,745.0,710.0,699.0
20160316_142009_1281_361,954.0,962.0,959.0,945.0
20160316_142009_1281_721,37.0,37.0,41.0,42.0
20160316_142009_1921_1,120.0,126.0,154.0,164.0
20160316_142009_1921_361,1479.0,1540.0,1574.0,1586.0
20160316_142009_1921_721,66.0,66.0,71.0,68.0
20160316_142009_1_361,1022.0,1057.0,1042.0,1052.0
20160316_142009_641_361,1052.0,1066.0,1078.0,1079.0
20160316_142014_1281_361,905.0,826.0,808.0,778.0
20160316_142014_1921_361,1617.0,1583.0,1623.0,1591.0
20160316_142014_1_1081,209.0,192.0,184.0,179.0
20160316_142014_641_1081,589.0,522.0,508.0,500.0
20160316_142014_641_361,378.0,335.0,314.0,304.0
20160316_142014_641_721,105.0,98.0,91.0,82.0
20160316_142223_361_1,575.0,618.0,603.0,587.0
20160316_142223_361_1281,526.0,508.0,480.0,435.0
20160316_142223_361_1921,388.0,421.0,394.0,352.0
20160316_142223_361_641,667.0,621.0,599.0,555.0
20160316_142223_721_641,135.0,114.0,112.0,111.0
20160316_142226_1281_361,1151.0,1127.0,1214.0,1227.0
20160316_142226_1281_721,514.0,544.0,562.0,544.0
20160316_142226_1921_721,1456.0,1484.0,1462.0,1464.0
20160316_142226_1_361,1484.0,1438.0,1415.0,1386.0
20160316_142226_641_361,862.0,796.0,792.0,783.0
20160316_142226_641_721,256.0,264.0,258.0,269.0
20160316_142449_1281_721,1725.0,1701.0,1683.0,1676.0
20160316_142449_1921_361,858.0,780.0,802.0,828.0
20160316_142449_1921_721,1050.0,1063.0,1044.0,1059.0
20160316_142449_1_361,1432.0,1426.0,1422.0,1407.0
20160316_142449_641_361,960.0,900.0,893.0,903.0
20160316_142449_641_721,1329.0,1230.0,1250.0,1235.0
20160316_143433_1281_1,286.0,242.0,229.0,219.0
20160316_143433_1281_721,576.0,595.0,556.0,505.0
20160316_143433_1921_1,343.0,302.0,284.0,279.0
20160316_143433_1921_1081,829.0,752.0,726.0,688.0
20160316_143433_1921_721,591.0,594.0,568.0,520.0
20160316_143433_1_361,1387.0,1288.0,1271.0,1211.0
20160316_143433_641_1,743.0,611.0,598.0,590.0
20160316_143433_641_361,1234.0,1172.0,1154.0,1096.0
20160316_143433_641_721,906.0,766.0,751.0,735.0
20160316_143603_1281_1,868.0,810.0,781.0,713.0
20160316_143603_1281_361,1511.0,1458.0,1428.0,1370.0
20160316_143603_1281_721,1461.0,1431.0,1409.0,1360.0
20160316_143603_1921_1,435.0,405.0,400.0,407.0
20160316_143603_1921_1081,832.0,823.0,809.0,790.0
20160316_143603_1921_361,1149.0,1181.0,1145.0,1065.0
20160316_143603_1921_721,921.0,891.0,876.0,812.0
20160316_143603_1_1,1232.0,1188.0,1187.0,1154.0
20160316_143603_1_1081,1189.0,1091.0,1084.0,1083.0
20160316_143603_1_361,1731.0,1718.0,1709.0,1695.0
20160316_143603_1_721,894.0,833.0,821.0,834.0
20160316_143603_641_1,825.0,679.0,696.0,709.0
20160316_143603_641_1081,1176.0,1136.0,1111.0,1101.0
20160316_143603_641_361,533.0,507.0,498.0,508.0
20160316_143603_641_721,1343.0,1319.0,1297.0,1262.0
20160316_143624_1081_1281,962.0,927.0,936.0,939.0
20160316_143624_1081_641,487.0,438.0,478.0,494.0
20160316_143624_1_641,834.0,841.0,814.0,819.0
20160316_143624_361_1281,922.0,928.0,896.0,901.0
20160316_143624_361_1921,959.0,980.0,928.0,929.0
20160316_143624_361_641,850.0,866.0,863.0,863.0
20160316_143624_721_1281,985.0,974.0,980.0,972.0
20160316_143624_721_641,838.0,827.0,823.0,823.0
20160316_143629_1281_361,1680.0,1661.0,1662.0,1644.0
20160316_143629_1281_721,403.0,404.0,460.0,465.0
20160316_143629_1921_361,1363.0,1341.0,1328.0,1337.0
20160316_143629_1921_721,816.0,808.0,845.0,861.0
20160316_143629_1_721,1434.0,1430.0,1420.0,1409.0
20160316_143629_641_361,1695.0,1675.0,1676.0,1672.0
20160316_143629_641_721,89.0,102.0,113.0,117.0
20160316_144105_1281_1,572.0,574.0,559.0,575.0
20160316_144105_1281_1081,1379.0,1326.0,1346.0,1349.0
20160316_144105_1281_361,1841.0,1821.0,1811.0,1800.0
20160316_144105_1281_721,1553.0,1557.0,1532.0,1494.0
20160316_144105_1921_1,1009.0,990.0,990.0,981.0
20160316_144105_1921_361,1073.0,1061.0,1057.0,1060.0
20160316_144105_1_1,1688.0,1645.0,1637.0,1596.0
20160316_144105_1_361,700.0,646.0,634.0,625.0
20160316_144105_1_721,649.0,631.0,636.0,629.0
20160316_144105_641_361,1716.0,1683.0,1671.0,1655.0
20160316_144105_641_721,986.0,951.0,910.0,870.0
20160316_144203_1281_721,1845.0,1849.0,1843.0,1837.0
20160316_144203_1921_721,1789.0,1796.0,1787.0,1783.0
20160316_144203_1_361,1406.0,1434.0,1407.0,1427.0
20160316_144203_641_361,1531.0,1533.0,1519.0,1530.0
20160316_144203_641_721,958.0,1003.0,961.0,1008.0
20160316_144212_1281_361,444.0,457.0,492.0,510.0
20160316_144212_1281_721,1576.0,1604.0,1609.0,1610.0
20160316_144212_1921_361,1295.0,1331.0,1311.0,1339.0
20160316_144212_1921_721,451.0,412.0,443.0,464.0
20160316_144212_1_361,625.0,549.0,552.0,579.0
20160316_144212_1_721,1113.0,1156.0,1115.0,1148.0
20160316_144212_641_361,305.0,309.0,319.0,320.0
20160316_144212_641_721,1496.0,1481.0,1472.0,1452.0
20160316_183217_1281_1,823.0,903.0,907.0,942.0
20160316_183217_1281_1081,847.0,905.0,898.0,882.0
20160316_183217_1281_361,970.0,1058.0,1095.0,1185.0
20160316_183217_1281_721,565.0,585.0,555.0,546.0
20160318_181602_1281_361,1521.0,1516.0,1494.0,1486.0
20160318_181602_1921_361,1355.0,1327.0,1305.0,1305.0
20160318_181602_1_1081,146.0,161.0,188.0,200.0
20160318_181602_1_721,1265.0,1307.0,1276.0,1263.0
20160318_181602_641_361,1555.0,1524.0,1506.0,1504.0
20160318_181602_641_721,657.0,538.0,540.0,563.0
20160318_181627_1281_361,1132.0,1201.0,1175.0,1184.0
20160318_181627_1281_721,1483.0,1499.0,1483.0,1488.0
20160318_181627_1921_361,1636.0,1631.0,1611.0,1620.0
20160318_181627_1921_721,252.0,273.0,336.0,357.0
20160318_181627_1_1,183.0,208.0,234.0,255.0
20160318_181627_1_361,1000.0,1052.0,1030.0,1039.0
20160318_181627_1_721,1077.0,1096.0,1065.0,1058.0
20160318_181627_641_361,1534.0,1530.0,1517.0,1500.0
20160318_181627_641_721,1400.0,1428.0,1403.0,1419.0
20160321_183951_1281_1,663.0,658.0,656.0,682.0
20160321_183951_1281_1081,773.0,861.0,854.0,900.0
20160321_183951_1281_361,1214.0,1250.0,1299.0,1307.0
20160321_183951_1281_721,1825.0,1837.0,1842.0,1846.0
20160321_183951_1921_361,1684.0,1706.0,1725.0,1738.0
20160321_183951_1921_721,1740.0,1764.0,1767.0,1784.0
20160321_183951_1_361,1507.0,1599.0,1586.0,1638.0
20160321_183951_641_361,1717.0,1757.0,1760.0,1781.0
20160321_185457_1281_1,920.0,971.0,1019.0,1055.0
20160321_185457_1281_1081,593.0,505.0,527.0,536.0
20160321_185457_1281_361,1840.0,1847.0,1851.0,1858.0
20160321_185457_1281_721,1761.0,1776.0,1764.0,1763.0
20160321_185457_1921_1,1244.0,1289.0,1279.0,1314.0
20160321_185457_1921_1081,1651.0,1665.0,1659.0,1687.0
20160321_185457_1921_721,603.0,677.0,784.0,830.0
20160321_185457_1_361,1075.0,1030.0,1023.0,1010.0
20160321_185457_1_721,874.0,851.0,860.0,857.0
20160321_185457_641_361,1100.0,1169.0,1172.0,1170.0
20160321_185457_641_721,1143.0,1076.0,1088.0,1111.0
20160321_185518_1281_1,843.0,800.0,800.0,813.0
20160321_185518_1281_361,1556.0,1544.0,1518.0,1515.0
20160321_185518_1281_721,45.0,45.0,46.0,48.0
20160321_185518_1921_1,1055.0,1031.0,1031.0,1057.0
20160321_185518_1921_1081,1246.0,1310.0,1317.0,1385.0
20160321_185518_1921_361,495.0,579.0,547.0,600.0
20160321_185518_1921_721,1154.0,1233.0,1247.0,1288.0
20160321_185518_1_1081,419.0,413.0,411.0,403.0
20160321_185518_1_361,1455.0,1460.0,1457.0,1460.0
20160321_185518_1_721,476.0,437.0,425.0,418.0
20160321_185518_641_1,888.0,878.0,867.0,895.0
20160321_185518_641_361,1598.0,1624.0,1604.0,1597.0
20160321_185534_1281_1081,355.0,369.0,386.0,397.0
20160321_185534_1281_361,1300.0,1257.0,1248.0,1215.0
20160321_185534_1281_721,1027.0,1084.0,1091.0,1103.0
20160321_185534_1921_361,103.0,118.0,118.0,125.0
20160321_185534_1921_721,853.0,890.0,887.0,879.0
20160321_185534_641_1,1026.0,1025.0,1028.0,1042.0
20160321_185534_641_1081,341.0,331.0,352.0,373.0
20160321_185534_641_361,1420.0,1429.0,1417.0,1418.0
20160321_185534_641_721,764.0,811.0,790.0,802.0
20160321_185637_1281_1,429.0,490.0,544.0,597.0
20160321_185637_1281_1081,936.0,999.0,977.0,1016.0
20160321_185637_1281_361,1208.0,1276.0,1264.0,1296.0
20160321_185637_1281_721,613.0,665.0,697.0,754.0
20160321_185637_1921_1,1532.0,1508.0,1527.0,1538.0
20160321_185637_1_1,1174.0,1125.0,1134.0,1140.0
20160321_185637_1_1081,1649.0,1662.0,1649.0,1666.0
20160321_185637_1_721,1028.0,919.0,953.0,969.0
20160321_185637_641_721,1592.0,1633.0,1610.0,1634.0
20160324_165857_1281_361,761.0,837.0,805.0,807.0
20160324_165857_1281_721,130.0,137.0,167.0,185.0
20160324_165857_1921_721,1416.0,1424.0,1404.0,1416.0
20160324_165857_1_361,602.0,542.0,549.0,572.0
20160324_165857_1_721,1004.0,1035.0,1024.0,1032.0
20160324_165857_641_361,1110.0,1155.0,1123.0,1139.0
20160324_170309_1281_1,515.0,561.0,545.0,584.0
20160324_170309_1281_1081,805.0,825.0,819.0,852.0
20160324_170309_1281_361,1093.0,1094.0,1148.0,1168.0
20160324_170309_1281_721,1133.0,1124.0,1159.0,1179.0
20160324_170309_641_1,368.0,380.0,359.0,367.0
20160324_170309_641_1081,997.0,986.0,1010.0,1031.0
20160324_170309_641_361,791.0,717.0,703.0,712.0
20160324_170309_641_721,735.0,715.0,715.0,736.0
20160324_170323_1281_721,1536.0,1590.0,1580.0,1624.0
20160324_170323_1921_361,597.0,610.0,609.0,624.0
20160324_170323_1921_721,1374.0,1408.0,1400.0,1444.0
20160324_170323_1_721,1353.0,1329.0,1338.0,1345.0
20160324_170323_641_361,596.0,628.0,652.0,642.0
20160324_170323_641_721,1404.0,1432.0,1469.0,1484.0
20160324_170408_1281_361,544.0,546.0,571.0,581.0
20160324_170408_1281_721,716.0,675.0,663.0,645.0
20160324_170408_1921_721,1464.0,1389.0,1372.0,1343.0
20160324_170408_1_361,748.0,790.0,788.0,787.0
20160324_170408_1_721,556.0,520.0,551.0,573.0
20160324_170408_641_361,1352.0,1332.0,1319.0,1319.0
20160324_170542_1281_361,1538.0,1455.0,1435.0,1408.0
20160324_170542_1921_361,804.0,718.0,736.0,749.0
20160324_170542_1921_721,1235.0,1173.0,1147.0,1130.0
20160324_170542_1_361,1125.0,1048.0,1034.0,1024.0
20160324_170542_1_721,332.0,300.0,297.0,301.0
20160324_170542_641_361,1284.0,1263.0,1221.0,1213.0
20160324_170655_1281_361,1299.0,1381.0,1364.0,1405.0
20160324_170655_1921_361,1832.0,1835.0,1829.0,1828.0
20160324_170655_1_361,509.0,545.0,626.0,654.0
20160324_170655_1_721,1683.0,1737.0,1743.0,1764.0
20160324_170655_641_361,1588.0,1617.0,1620.0,1641.0
20160324_173501_1281_721,975.0,1015.0,962.0,961.0
20160324_173501_1921_361,383.0,352.0,387.0,408.0
20160324_173501_1921_721,1217.0,1278.0,1258.0,1246.0
20160324_173501_1_721,779.0,856.0,813.0,825.0
20160324_173501_641_721,1491.0,1465.0,1453.0,1446.0
20160324_173527_1281_721,1580.0,1603.0,1573.0,1590.0
20160324_173527_1921_361,939.0,994.0,981.0,1027.0
20160324_173527_1921_721,1160.0,1122.0,1173.0,1199.0
20160324_173527_1_361,1572.0,1566.0,1549.0,1557.0
20160324_173527_641_361,968.0,977.0,976.0,990.0
20160324_173527_641_721,1349.0,1350.0,1374.0,1400.0
20160325_185829_1281_1,3.0,3.0,3.0,3.0
20160325_185829_1281_1081,143.0,143.0,130.0,123.0
20160325_185829_1281_361,638.0,683.0,667.0,658.0
20160325_185829_1281_721,294.0,290.0,273.0,265.0
20160325_185829_1921_721,365.0,423.0,421.0,423.0
20160325_185829_1_1,2.0,2.0,2.0,2.0
20160325_185829_1_1081,412.0,427.0,399.0,361.0
20160325_185829_1_361,672.0,721.0,713.0,700.0
20160325_185829_641_1,125.0,122.0,114.0,107.0
20160325_185829_641_1081,460.0,492.0,462.0,445.0
20160325_185829_641_361,347.0,389.0,362.0,325.0
20160326_141812_1281_721,202.0,234.0,237.0,246.0
20160326_141812_1921_721,499.0,550.0,529.0,539.0
20160326_141812_1_1,1272.0,1333.0,1329.0,1357.0
20160326_141812_641_1,73.0,77.0,70.0,74.0
20160326_141812_641_361,65.0,65.0,69.0,71.0
20160326_141812_641_721,14.0,14.0,15.0,18.0
20160326_142309_1281_361,611.0,630.0,624.0,630.0
20160326_142309_1281_721,777.0,774.0,812.0,822.0
20160326_142309_1921_361,1209.0,1190.0,1203.0,1189.0
20160326_142309_1921_721,295.0,270.0,282.0,303.0
20160326_142309_1_361,670.0,684.0,654.0,638.0
20160326_142309_641_361,48.0,48.0,51.0,55.0
20160326_142309_641_721,569.0,598.0,600.0,592.0
20160326_142327_1281_1,461.0,510.0,483.0,493.0
20160326_142327_1281_1081,306.0,312.0,290.0,267.0
20160326_142327_1281_361,669.0,649.0,628.0,618.0
20160326_142327_1281_721,470.0,483.0,479.0,469.0
20160326_142327_1_1,488.0,566.0,554.0,609.0
20160326_142327_1_1081,893.0,938.0,934.0,978.0
20160326_142327_1_361,964.0,943.0,952.0,974.0
20160326_142327_1_721,1010.0,1043.0,1054.0,1075.0
20160326_142327_641_721,752.0,616.0,632.0,663.0
20160326_142349_1281_1,427.0,471.0,574.0,603.0
20160326_142349_1281_1081,896.0,959.0,979.0,1033.0
20160326_142349_1281_361,1049.0,1092.0,1195.0,1223.0
20160326_142349_1281_721,356.0,379.0,466.0,484.0
20160326_142349_641_1,1193.0,1264.0,1324.0,1375.0
20160326_142349_641_361,473.0,443.0,469.0,472.0
20160326_142349_641_721,1346.0,1384.0,1427.0,1469.0
20160326_142354_1281_1,842.0,870.0,859.0,889.0
20160326_142354_1281_1081,1097.0,1129.0,1152.0,1159.0
20160326_142354_1281_361,618.0,696.0,671.0,698.0
20160326_142354_1281_721,820.0,830.0,830.0,829.0
20160326_142354_641_1081,324.0,342.0,424.0,442.0
20160326_142354_641_361,83.0,93.0,89.0,91.0
20160326_142354_641_721,1090.0,1102.0,1127.0,1165.0
20160326_142403_1281_361,772.0,818.0,768.0,739.0
20160326_142403_1281_721,1109.0,1163.0,1119.0,1134.0
20160326_142403_1921_361,268.0,236.0,224.0,229.0
20160326_142403_1921_721,683.0,773.0,733.0,757.0
20160326_142403_1_361,1102.0,1208.0,1168.0,1207.0
20160326_142403_641_361,1045.0,1103.0,1070.0,1093.0
20160326_142403_641_721,744.0,652.0,640.0,643.0
20160326_144512_1081_641,563.0,580.0,594.0,612.0
20160326_144512_1_1,558.0,564.0,541.0,548.0
20160326_144512_361_1,577.0,620.0,647.0,651.0
20160326_144512_721_1,350.0,350.0,329.0,336.0
20160326_150104_1281_361,176.0,166.0,166.0,172.0
20160326_150104_1281_721,1613.0,1643.0,1616.0,1601.0
20160326_150104_1921_361,79.0,78.0,97.0,105.0
20160326_150104_1921_721,1023.0,1147.0,1108.0,1181.0
20160326_150104_1_361,1445.0,1483.0,1464.0,1425.0
20160326_150104_1_721,1460.0,1502.0,1538.0,1559.0
20160326_150104_641_361,1158.0,1239.0,1251.0,1244.0
20160326_150104_641_721,1365.0,1409.0,1446.0,1463.0
20160326_150319_1081_641,741.0,731.0,739.0,747.0
20160326_150319_1_641,855.0,849.0,853.0,869.0
20160326_150319_361_641,790.0,832.0,820.0,826.0
20160326_150319_721_641,678.0,671.0,664.0,702.0
20160326_150337_1281_1,30.0,28.0,31.0,34.0
20160326_150337_1281_361,1336.0,1369.0,1343.0,1356.0
20160326_150337_1921_1,1134.0,1166.0,1121.0,1102.0
20160326_150337_1921_361,671.0,619.0,622.0,635.0
20160326_150337_1_361,623.0,681.0,649.0,649.0
20160326_150337_641_361,1444.0,1440.0,1434.0,1439.0
20160326_162529_1281_1081,303.0,250.0,255.0,271.0
20160326_162529_1281_721,1792.0,1802.0,1794.0,1790.0
20160326_162529_1921_361,507.0,488.0,542.0,568.0
20160326_162529_1921_721,1628.0,1616.0,1607.0,1606.0
20160326_162529_1_361,1513.0,1545.0,1535.0,1568.0
20160326_162529_641_1081,82.0,83.0,101.0,103.0
20160326_162529_641_361,857.0,935.0,941.0,984.0
20160326_162529_641_721,1722.0,1728.0,1715.0,1699.0
20160326_162532_1281_721,1606.0,1670.0,1663.0,1698.0
20160326_162532_1921_361,1332.0,1395.0,1441.0,1478.0
20160326_162532_1921_721,1435.0,1461.0,1513.0,1535.0
20160326_162532_1_721,1413.0,1470.0,1459.0,1490.0
20160326_162532_641_361,349.0,387.0,434.0,460.0
20160326_162532_641_721,1585.0,1639.0,1643.0,1682.0
20160326_162538_1281_361,1383.0,1446.0,1490.0,1512.0
20160326_162538_1281_721,1070.0,1128.0,1237.0,1252.0
20160326_162538_1921_361,1071.0,1202.0,1166.0,1224.0
20160326_162538_1_361,768.0,895.0,856.0,897.0
20160326_162538_1_721,849.0,934.0,912.0,952.0
20160326_162538_641_721,1749.0,1775.0,1779.0,1798.0
20160326_174634_1281_361,730.0,815.0,824.0,862.0
20160326_174634_1281_721,809.0,883.0,885.0,915.0
20160326_174634_1921_361,175.0,186.0,227.0,239.0
20160326_174634_1921_721,900.0,965.0,933.0,947.0
20160326_174634_1_1,525.0,442.0,465.0,477.0
20160326_174634_1_361,1344.0,1406.0,1416.0,1450.0
20160326_174634_1_721,1198.0,1253.0,1269.0,1291.0
20160326_174634_641_361,328.0,375.0,382.0,422.0
20160326_174634_641_721,1063.0,1089.0,1072.0,1110.0
20160328_150820_1281_721,1809.0,1798.0,1798.0,1794.0
20160328_150820_1921_361,604.0,667.0,676.0,711.0
20160328_150820_1921_721,1468.0,1488.0,1478.0,1467.0
20160328_150820_1_361,1593.0,1577.0,1576.0,1573.0
20160328_150820_1_721,911.0,939.0,972.0,996.0
20160328_150820_641_361,68.0,68.0,79.0,92.0
20160328_150820_641_721,1289.0,1320.0,1318.0,1335.0
20160328_150821_1281_361,1341.0,1390.0,1391.0,1417.0
20160328_150821_1281_721,40.0,40.0,43.0,43.0
20160328_150821_1921_361,887.0,911.0,954.0,973.0
20160328_150821_1921_721,1356.0,1347.0,1345.0,1342.0
20160328_150821_1_361,1322.0,1368.0,1344.0,1350.0
20160328_150821_1_721,319.0,364.0,351.0,379.0
20160328_150821_641_361,1838.0,1834.0,1833.0,1834.0
20160328_150827_1281_1,946.0,923.0,1007.0,1037.0
20160328_150827_1281_1081,1564.0,1588.0,1591.0,1632.0
20160328_150827_1281_361,1726.0,1744.0,1739.0,1732.0
20160328_150827_1281_721,1405.0,1397.0,1414.0,1434.0
20160328_150827_1921_1,1033.0,1050.0,1129.0,1167.0
20160328_150827_1_1,837.0,819.0,833.0,851.0
20160328_150827_1_361,658.0,737.0,725.0,762.0
20160328_150827_641_361,1528.0,1537.0,1505.0,1483.0
20160328_150927_1281_1,123.0,109.0,104.0,104.0
20160328_150927_1281_361,1002.0,975.0,1014.0,1003.0
20160328_150927_1281_721,1612.0,1621.0,1628.0,1625.0
20160328_150927_1921_721,491.0,556.0,572.0,606.0
20160328_150927_1_361,1526.0,1543.0,1523.0,1539.0
20160328_150927_1_721,1522.0,1559.0,1514.0,1517.0
20160328_150927_641_361,1669.0,1684.0,1679.0,1688.0
20160328_150927_641_721,1366.0,1416.0,1392.0,1414.0
20160328_150932_1281_361,1657.0,1658.0,1666.0,1673.0
20160328_150932_1281_721,586.0,553.0,576.0,560.0
20160328_150932_1921_361,1674.0,1655.0,1651.0,1616.0
20160328_150932_1921_721,876.0,930.0,930.0,953.0
20160328_150932_1_1,199.0,223.0,259.0,285.0
20160328_150932_1_361,1773.0,1765.0,1757.0,1734.0
20160328_150932_1_721,1660.0,1649.0,1668.0,1656.0
20160328_150932_641_361,1551.0,1515.0,1502.0,1501.0
20160328_150932_641_721,1519.0,1503.0,1512.0,1499.0
20160328_150933_1281_1,562.0,472.0,472.0,489.0
20160328_150933_1281_361,1314.0,1334.0,1336.0,1316.0
20160328_150933_1281_721,928.0,957.0,914.0,917.0
20160328_150933_1921_361,1610.0,1608.0,1615.0,1599.0
20160328_150933_1921_721,1618.0,1625.0,1617.0,1608.0
20160328_150933_1_361,723.0,768.0,794.0,811.0
20160328_150933_1_721,1535.0,1572.0,1541.0,1520.0
20160328_150933_641_361,404.0,363.0,349.0,359.0
20160328_150933_641_721,1574.0,1580.0,1575.0,1577.0
20160328_150940_1281_361,60.0,60.0,62.0,66.0
20160328_150940_1281_721,1241.0,1265.0,1226.0,1214.0
20160328_150940_1921_361,973.0,979.0,956.0,950.0
20160328_150940_1_1,628.0,673.0,660.0,696.0
20160328_150940_1_1081,882.0,862.0,852.0,840.0
20160328_150940_1_361,978.0,991.0,993.0,997.0
20160328_150940_1_721,8.5,8.5,8.5,8.5
20160328_150940_641_1081,6.0,6.0,7.0,7.0
20160328_150940_641_361,899.0,918.0,883.0,859.0
20160328_150940_641_721,1060.0,1073.0,1048.0,1018.0
20160328_151013_1081_1281,616.0,657.0,646.0,685.0
20160328_151013_1_1921,543.0,576.0,553.0,565.0
20160328_151013_361_1281,1292.0,1348.0,1302.0,1326.0
20160328_151013_361_1921,24.0,24.0,28.0,30.0
20160328_151013_361_641,259.0,213.0,216.0,226.0
20160328_151013_721_1,1482.0,1478.0,1489.0,1482.0
20160328_151013_721_1281,785.0,802.0,791.0,796.0
20160328_151013_721_641,1723.0,1721.0,1712.0,1705.0
20160328_151014_1281_1,727.0,743.0,747.0,781.0
20160328_151014_1281_361,737.0,757.0,730.0,741.0
20160328_151014_1281_721,1529.0,1510.0,1497.0,1477.0
20160328_151014_1921_1081,854.0,865.0,844.0,831.0
20160328_151014_1921_721,41.0,41.0,44.0,45.0
20160328_151014_1_361,1559.0,1532.0,1558.0,1544.0
20160328_151014_641_361,1728.0,1734.0,1730.0,1723.0
20160328_151014_641_721,315.0,284.0,310.0,321.0
20160328_151027_1281_1,300.0,326.0,301.0,289.0
20160328_151027_1281_1081,1058.0,1032.0,1061.0,1047.0
20160328_151027_1281_361,599.0,645.0,630.0,619.0
20160328_151027_1281_721,167.0,165.0,157.0,162.0
20160328_151027_1921_1,789.0,817.0,776.0,738.0
20160328_151027_641_1,1159.0,1087.0,1092.0,1092.0
20160328_151027_641_1081,271.0,230.0,233.0,244.0
20160328_151027_641_361,570.0,581.0,543.0,513.0
20160328_151027_641_721,754.0,706.0,686.0,684.0
20160328_151056_1281_1,656.0,588.0,558.0,530.0
20160328_151056_1281_361,891.0,753.0,742.0,742.0
20160328_151056_1_361,1438.0,1353.0,1357.0,1282.0
20160328_151056_641_1,281.0,286.0,257.0,235.0
20160328_151056_641_1081,918.0,788.0,789.0,779.0
20160328_151056_641_361,1386.0,1360.0,1327.0,1260.0
20160328_151056_641_721,1064.0,942.0,927.0,904.0
20160328_151151_1281_1081,49.0,49.0,49.0,50.0
20160328_151151_1281_721,180.0,178.0,172.0,174.0
20160328_151151_1921_1081,287.0,269.0,252.0,258.0
20160328_151151_1921_721,449.0,514.0,500.0,498.0
20160328_151151_1_1,571.0,568.0,546.0,571.0
20160328_151151_641_1,59.0,59.0,61.0,65.0
20160328_151151_641_1081,297.0,274.0,266.0,266.0
20160328_151151_641_361,763.0,726.0,717.0,729.0
20160328_151151_641_721,989.0,1000.0,984.0,976.0
20160328_151201_1281_361,927.0,929.0,1002.0,1025.0
20160328_151201_1281_721,1862.0,1872.0,1876.0,1876.0
20160328_151201_1921_1081,1492.0,1492.0,1515.0,1551.0
20160328_151201_1921_721,1708.0,1696.0,1724.0,1739.0
20160328_151201_1_1,1602.0,1622.0,1612.0,1639.0
20160328_151201_641_1,242.0,258.0,322.0,340.0
20160328_151201_641_361,1402.0,1425.0,1408.0,1422.0
20160328_151212_1281_721,1652.0,1629.0,1624.0,1618.0
20160328_151212_1921_1081,119.0,128.0,120.0,121.0
20160328_151212_1921_721,1885.0,1888.0,1887.0,1888.0
20160328_151212_1_361,1864.0,1865.0,1860.0,1865.0
20160328_151212_1_721,298.0,333.0,384.0,415.0
20160328_151212_641_721,1873.0,1869.0,1858.0,1862.0
20160328_151241_1281_361,1805.0,1793.0,1795.0,1788.0
20160328_151241_1281_721,1673.0,1642.0,1690.0,1674.0
20160328_151241_1921_361,1763.0,1743.0,1746.0,1735.0
20160328_151241_1921_721,1368.0,1271.0,1309.0,1320.0
20160328_151241_1_1,584.0,525.0,536.0,566.0
20160328_151241_1_361,1868.0,1875.0,1878.0,1879.0
20160328_151241_1_721,1877.0,1878.0,1874.0,1874.0
20160328_151241_641_361,1883.0,1884.0,1882.0,1882.0
20160328_151241_641_721,1388.0,1343.0,1314.0,1302.0
20160328_151243_1281_1081,988.0,1017.0,995.0,1019.0
20160328_151243_1281_361,1857.0,1860.0,1857.0,1859.0
20160328_151243_1281_721,1101.0,1086.0,1099.0,1138.0
20160328_151243_1921_1,578.0,548.0,548.0,570.0
20160328_151243_1921_1081,1752.0,1729.0,1754.0,1737.0
20160328_151243_1921_361,1357.0,1328.0,1341.0,1359.0
20160328_151243_1_1,545.0,487.0,481.0,473.0
20160328_151243_1_361,1860.0,1857.0,1854.0,1851.0
20160328_151243_1_721,1279.0,1354.0,1360.0,1399.0
20160328_151243_641_1,1499.0,1491.0,1524.0,1534.0
20160328_151243_641_361,1875.0,1880.0,1880.0,1880.0
20160328_151243_641_721,1544.0,1535.0,1553.0,1570.0
20160328_151247_1281_1,1816.0,1817.0,1822.0,1813.0
20160328_151247_1281_1081,1450.0,1400.0,1390.0,1388.0
20160328_151247_1281_361,1670.0,1668.0,1675.0,1684.0
20160328_151247_1281_721,1277.0,1273.0,1265.0,1279.0
20160328_151247_1921_1,1094.0,1054.0,1128.0,1151.0
20160328_151247_1_1,406.0,358.0,357.0,382.0
20160328_151247_641_1,745.0,722.0,763.0,792.0
20160328_151247_641_1081,1703.0,1691.0,1714.0,1726.0
20160328_151247_641_361,1248.0,1207.0,1204.0,1205.0
20160328_151247_641_721,1672.0,1637.0,1658.0,1662.0
20160328_151252_1281_1,1155.0,1116.0,1109.0,1120.0
20160328_151252_1281_361,1439.0,1407.0,1395.0,1392.0
20160328_151252_1281_721,587.0,558.0,575.0,593.0
20160328_151252_1921_721,311.0,299.0,285.0,283.0
20160328_151252_1_1,769.0,643.0,648.0,665.0
20160328_151252_641_1,704.0,692.0,727.0,745.0
20160328_151252_641_361,1036.0,1008.0,1003.0,958.0
20160328_151343_1281_1,468.0,377.0,366.0,383.0
20160328_151343_1281_361,1327.0,1330.0,1295.0,1274.0
20160328_151343_1921_361,337.0,281.0,294.0,306.0
20160328_151343_1_1081,503.0,517.0,514.0,514.0
20160328_151343_1_361,1169.0,1236.0,1238.0,1256.0
20160328_151343_1_721,482.0,378.0,376.0,398.0
20160328_151343_641_1,149.0,141.0,133.0,138.0
20160328_151343_641_361,1664.0,1648.0,1639.0,1617.0
20160328_151343_641_721,1273.0,1251.0,1213.0,1187.0
20160328_151355_1281_1081,1696.0,1713.0,1736.0,1743.0
20160328_151355_1281_361,1788.0,1795.0,1786.0,1782.0
20160328_151355_1281_721,1879.0,1883.0,1886.0,1886.0
20160328_151355_1921_1,720.0,710.0,719.0,728.0
20160328_151355_1921_361,612.0,530.0,538.0,564.0
20160328_151355_1_361,1808.0,1788.0,1781.0,1771.0
20160328_151355_1_721,947.0,875.0,894.0,905.0
20160328_151355_641_361,1020.0,1010.0,988.0,965.0
20160328_151355_641_721,1150.0,1068.0,1053.0,1050.0
20160328_151402_1281_1081,1738.0,1715.0,1748.0,1747.0
20160328_151402_1281_361,839.0,854.0,871.0,885.0
20160328_151402_1281_721,1892.0,1891.0,1892.0,1891.0
20160328_151402_1921_361,1890.0,1887.0,1889.0,1887.0
20160328_151402_1921_721,1733.0,1697.0,1691.0,1661.0
20160328_151402_1_1081,1269.0,1212.0,1219.0,1238.0
20160328_151402_1_721,1452.0,1375.0,1384.0,1380.0
20160328_151402_641_1,1254.0,1234.0,1217.0,1236.0
20160328_151402_641_1081,938.0,933.0,1058.0,1086.0
20160328_151402_641_361,1397.0,1335.0,1331.0,1317.0
20160328_151402_641_721,1896.0,1896.0,1896.0,1896.0
20160328_151409_1281_1081,674.0,638.0,617.0,599.0
20160328_151409_1281_361,1258.0,1248.0,1228.0,1222.0
20160328_151409_1281_721,246.0,243.0,246.0,256.0
20160328_151409_1921_1081,675.0,685.0,661.0,633.0
20160328_151409_1921_721,608.0,555.0,535.0,529.0
20160328_151409_1_1,489.0,469.0,493.0,499.0
20160328_151409_641_1,1019.0,1034.0,1033.0,1017.0
20160328_151409_641_1081,1204.0,1194.0,1178.0,1150.0
20160328_151409_641_361,1714.0,1730.0,1716.0,1706.0
20160328_151409_641_721,1614.0,1573.0,1597.0,1602.0
20160328_151413_1281_361,1315.0,1338.0,1290.0,1283.0
20160328_151413_1281_721,901.0,909.0,866.0,843.0
20160328_151413_1921_361,380.0,366.0,368.0,388.0
20160328_151413_1921_721,1311.0,1283.0,1291.0,1268.0
20160328_151413_1_1081,869.0,843.0,849.0,854.0
20160328_151413_1_361,1582.0,1593.0,1606.0,1605.0
20160328_151413_1_721,1686.0,1687.0,1674.0,1654.0
20160328_151413_641_361,561.0,625.0,593.0,588.0
20160328_151413_641_721,762.0,794.0,765.0,756.0
20160328_151423_1281_1081,1008.0,1023.0,998.0,966.0
20160328_151423_1281_361,240.0,247.0,245.0,237.0
20160328_151423_1281_721,396.0,417.0,410.0,392.0
20160328_151423_1921_1,137.0,123.0,116.0,122.0
20160328_151423_1921_1081,686.0,636.0,658.0,666.0
20160328_151423_1921_361,267.0,289.0,267.0,261.0
20160328_151423_1921_721,1121.0,1044.0,1047.0,1045.0
20160328_151423_1_1081,750.0,719.0,682.0,657.0
20160328_151423_1_361,1018.0,1041.0,1021.0,1007.0
20160328_151423_1_721,336.0,356.0,334.0,346.0
20160328_151423_641_1081,1034.0,1067.0,1036.0,995.0
20160328_151423_641_361,477.0,416.0,433.0,449.0
20160328_151423_641_721,1523.0,1536.0,1530.0,1514.0
20160328_151429_1281_1,1509.0,1487.0,1451.0,1424.0
20160328_151429_1281_1081,1262.0,1168.0,1192.0,1178.0
20160328_151429_1281_721,859.0,716.0,734.0,743.0
20160328_151429_1921_1,1146.0,1037.0,1038.0,1013.0
20160328_151429_1_721,1601.0,1578.0,1614.0,1603.0
20160328_151429_641_1,1088.0,1002.0,1055.0,1072.0
20160328_151429_641_361,1126.0,1123.0,1120.0,1105.0
20160328_151429_641_721,1382.0,1282.0,1273.0,1240.0
20160328_151504_1281_721,1569.0,1582.0,1566.0,1583.0
20160328_151504_1921_721,1848.0,1826.0,1828.0,1823.0
20160328_151504_1_1,282.0,266.0,254.0,254.0
20160328_151504_1_361,915.0,920.0,919.0,919.0
20160328_151504_641_1081,1737.0,1679.0,1682.0,1646.0
20160328_151504_641_361,275.0,297.0,292.0,287.0
20160328_151504_641_721,1347.0,1391.0,1381.0,1412.0
20160328_151506_1281_361,1181.0,1121.0,1191.0,1196.0
20160328_151506_1281_721,972.0,932.0,915.0,925.0
20160328_151506_1921_361,1276.0,1184.0,1151.0,1104.0
20160328_151506_1_721,1643.0,1641.0,1629.0,1643.0
20160328_151506_641_721,1822.0,1804.0,1805.0,1799.0
20160328_151657_1281_1,484.0,452.0,448.0,457.0
20160328_151657_1281_1081,1245.0,1144.0,1112.0,1089.0
20160328_151657_1281_361,738.0,723.0,692.0,705.0
20160328_151657_1281_721,1689.0,1646.0,1633.0,1589.0
20160328_151657_1921_1081,1012.0,982.0,975.0,979.0
20160328_151657_1921_721,194.0,169.0,174.0,192.0
20160328_151657_1_1,798.0,838.0,797.0,789.0
20160328_151657_1_361,1079.0,1074.0,1040.0,1012.0
20160328_151657_1_721,510.0,409.0,415.0,432.0
20160328_151657_641_1,1560.0,1523.0,1528.0,1487.0
20160328_151657_641_1081,537.0,571.0,537.0,522.0
20160328_151657_641_361,836.0,858.0,875.0,884.0
20160328_151657_641_721,1790.0,1794.0,1808.0,1796.0
20160328_151728_1281_361,818.0,814.0,780.0,766.0
20160328_151728_1921_361,797.0,795.0,755.0,733.0
20160328_151728_1921_721,55.0,54.0,58.0,62.0
20160328_151728_1_361,912.0,884.0,865.0,836.0
20160328_151728_641_361,803.0,835.0,804.0,794.0
20160328_151804_1281_361,262.0,311.0,302.0,299.0
20160328_151804_1281_721,67.0,67.0,64.0,59.0
20160328_151804_1921_721,1390.0,1356.0,1332.0,1280.0
20160328_151804_1_361,154.0,147.0,141.0,141.0
20160328_151804_1_721,557.0,537.0,510.0,479.0
20160328_151804_641_361,1222.0,1196.0,1193.0,1132.0
20160328_151808_1281_361,728.0,742.0,732.0,732.0
20160328_151808_1281_721,334.0,353.0,332.0,312.0
20160328_151808_1921_1,1.0,1.0,1.0,1.0
20160328_151808_1921_1081,996.0,925.0,892.0,806.0
20160328_151808_1921_361,203.0,235.0,215.0,201.0
20160328_151808_1921_721,702.0,744.0,718.0,655.0
20160328_151808_1_361,172.0,196.0,206.0,230.0
20160328_151808_1_721,1129.0,1177.0,1174.0,1198.0
20160328_151808_641_721,1472.0,1448.0,1454.0,1432.0
20160328_151814_1281_361,265.0,306.0,325.0,350.0
20160328_151814_1281_721,1098.0,1200.0,1176.0,1221.0
20160328_151814_1921_361,1709.0,1747.0,1744.0,1757.0
20160328_151814_1_361,1320.0,1411.0,1406.0,1449.0
20160328_151814_1_721,90.0,110.0,124.0,134.0
20160328_151814_641_361,316.0,341.0,403.0,431.0
20160328_151814_641_721,1540.0,1598.0,1583.0,1631.0
20160328_151945_1281_361,815.0,910.0,877.0,856.0
20160328_151945_1281_721,164.0,185.0,182.0,182.0
20160328_151945_1921_361,414.0,497.0,458.0,458.0
20160328_151945_1921_721,333.0,373.0,350.0,339.0
20160328_151945_1_361,950.0,996.0,1006.0,1005.0
20160328_151945_1_721,546.0,551.0,578.0,580.0
20160328_151945_641_361,1364.0,1413.0,1467.0,1471.0
20160328_151945_641_721,848.0,893.0,960.0,989.0
20160328_152308_1281_361,508.0,587.0,539.0,552.0
20160328_152308_1921_361,1339.0,1394.0,1413.0,1415.0
20160328_152308_1921_721,1145.0,1247.0,1293.0,1322.0
20160328_152308_1_361,1412.0,1469.0,1475.0,1473.0
20160328_152308_1_721,92.0,115.0,121.0,130.0
20160328_152308_641_361,1375.0,1420.0,1386.0,1398.0
20160328_152322_1281_361,270.0,295.0,279.0,277.0
20160328_152322_1281_721,94.0,117.0,115.0,120.0
20160328_152322_1921_721,459.0,533.0,490.0,486.0
20160328_152322_1_361,595.0,632.0,643.0,637.0
20160328_152322_1_721,852.0,880.0,923.0,934.0
20160328_152322_641_361,539.0,596.0,550.0,543.0
20160328_152328_1281_361,1630.0,1669.0,1654.0,1663.0
20160328_152328_1921_1,535.0,519.0,522.0,542.0
20160328_152328_1921_361,833.0,885.0,864.0,865.0
20160328_152328_1_361,914.0,912.0,921.0,920.0
20160328_152328_1_721,583.0,680.0,679.0,718.0
20160328_152328_641_361,126.0,146.0,149.0,157.0
20160328_152328_641_721,681.0,738.0,711.0,753.0
20160328_152336_1281_361,1766.0,1783.0,1790.0,1806.0
20160328_152336_1281_721,1577.0,1610.0,1638.0,1651.0
20160328_152336_1921_361,1855.0,1863.0,1867.0,1868.0
20160328_152336_1921_721,71.0,70.0,87.0,97.0
20160328_152336_1_361,1594.0,1666.0,1665.0,1709.0
20160328_152336_1_721,1001.0,1069.0,1171.0,1220.0
20160328_152336_641_361,1615.0,1660.0,1648.0,1683.0
20160328_152336_641_721,463.0,482.0,503.0,521.0
20160328_152514_1281_361,323.0,340.0,327.0,315.0
20160328_152514_1281_721,157.0,176.0,171.0,170.0
20160328_152514_1921_361,87.0,95.0,102.0,102.0
20160328_152514_1921_721,933.0,1021.0,1043.0,1068.0
20160328_152514_1_721,902.0,981.0,955.0,944.0
20160328_152514_641_361,573.0,604.0,565.0,556.0
20160328_152514_641_721,170.0,157.0,152.0,163.0
20160328_153020_1281_721,952.0,1013.0,987.0,1002.0
20160328_153020_1921_361,308.0,322.0,311.0,329.0
20160328_153020_1921_721,387.0,467.0,453.0,470.0
20160328_153020_1_721,1062.0,1100.0,1069.0,1099.0
20160328_153020_641_721,907.0,969.0,937.0,946.0
20160328_153241_1281_361,207.0,231.0,253.0,253.0
20160328_153241_1281_721,1619.0,1664.0,1669.0,1707.0
20160328_153241_1921_721,1518.0,1587.0,1564.0,1613.0
20160328_153241_1_1081,551.0,593.0,701.0,750.0
20160328_153241_1_721,1724.0,1753.0,1737.0,1744.0
20160328_153241_641_361,1278.0,1339.0,1399.0,1435.0
20160328_153241_641_721,1742.0,1759.0,1775.0,1767.0
20160328_153327_1281_361,1210.0,1280.0,1257.0,1300.0
20160328_153327_1921_361,538.0,597.0,623.0,650.0
20160328_153327_1921_721,238.0,275.0,268.0,278.0
20160328_153327_1_721,632.0,707.0,683.0,691.0
20160328_153327_641_361,1140.0,1189.0,1218.0,1242.0
20160328_153327_641_721,290.0,336.0,344.0,366.0
20160328_153357_1281_1,530.0,584.0,627.0,662.0
20160328_153357_1281_361,629.0,727.0,700.0,706.0
20160328_153357_1281_721,1032.0,1162.0,1101.0,1160.0
20160328_153357_1921_361,1800.0,1823.0,1825.0,1830.0
20160328_153357_1921_721,354.0,374.0,471.0,482.0
20160328_153357_1_1081,1395.0,1423.0,1442.0,1447.0
20160328_153357_1_721,709.0,748.0,832.0,848.0
20160328_153357_641_1,645.0,759.0,714.0,746.0
20160328_153357_641_1081,807.0,803.0,878.0,893.0
20160328_153357_641_721,990.0,1083.0,1079.0,1121.0
20160328_153404_1281_361,1793.0,1811.0,1814.0,1824.0
20160328_153404_1281_721,740.0,809.0,929.0,957.0
20160328_153404_1921_361,1524.0,1607.0,1595.0,1645.0
20160328_153404_1_721,1442.0,1547.0,1520.0,1575.0
20160328_153404_641_361,717.0,778.0,908.0,926.0
20160328_153404_641_721,1780.0,1797.0,1804.0,1815.0
20160328_153421_1281_1,1502.0,1571.0,1588.0,1640.0
20160328_153421_1281_1081,124.0,142.0,148.0,158.0
20160328_153421_1281_361,1755.0,1779.0,1784.0,1801.0
20160328_153421_1281_721,1712.0,1751.0,1735.0,1742.0
20160328_153421_1921_361,1704.0,1752.0,1753.0,1773.0
20160328_153421_1_721,691.0,781.0,749.0,759.0
20160328_153421_641_1,1421.0,1486.0,1509.0,1569.0
20160328_153421_641_721,1354.0,1422.0,1431.0,1456.0
20160328_153524_1281_361,1701.0,1741.0,1745.0,1765.0
20160328_153524_1921_361,1164.0,1238.0,1296.0,1328.0
20160328_153524_1921_721,1639.0,1688.0,1695.0,1722.0
20160328_153524_1_721,1334.0,1417.0,1389.0,1431.0
20160328_153524_641_361,1195.0,1259.0,1231.0,1258.0
20160328_153524_641_721,257.0,301.0,308.0,333.0
20160328_153533_1281_1,1139.0,1182.0,1179.0,1158.0
20160328_153533_1281_1081,1627.0,1615.0,1602.0,1566.0
20160328_153533_1281_361,1081.0,1071.0,1066.0,1043.0
20160328_153533_1281_721,731.0,755.0,746.0,720.0
20160328_153533_1921_1,384.0,433.0,422.0,440.0
20160328_153533_1921_1081,1566.0,1562.0,1557.0,1516.0
20160328_153533_1921_361,220.0,252.0,242.0,247.0
20160328_153533_1921_721,666.0,693.0,689.0,744.0
20160328_153533_1_1081,1616.0,1611.0,1618.0,1607.0
20160328_153533_1_361,141.0,131.0,127.0,129.0
20160328_153533_1_721,329.0,344.0,337.0,347.0
20160328_153533_641_1,1104.0,1178.0,1132.0,1125.0
20160328_153533_641_1081,471.0,540.0,505.0,495.0
20160328_153536_1281_1,131.0,149.0,135.0,133.0
20160328_153536_1281_1081,173.0,191.0,219.0,234.0
20160328_153536_1281_361,291.0,282.0,272.0,264.0
20160328_153536_1281_721,1710.0,1726.0,1728.0,1730.0
20160328_153536_1921_1,1051.0,1072.0,1085.0,1137.0
20160328_153536_1921_1081,759.0,763.0,787.0,805.0
20160328_153536_1921_361,1656.0,1657.0,1667.0,1649.0
20160328_153536_1921_721,872.0,844.0,836.0,827.0
20160328_153536_1_1081,70.0,69.0,85.0,95.0
20160328_153536_1_361,1103.0,1085.0,1090.0,1112.0
20160328_153536_1_721,84.0,82.0,107.0,113.0
20160328_153536_641_1,75.0,74.0,88.0,98.0
20160328_153536_641_1081,1505.0,1520.0,1562.0,1522.0
20160328_153536_641_361,379.0,451.0,440.0,455.0
20160328_153536_641_721,1504.0,1525.0,1542.0,1523.0
20160328_153540_1281_1081,72.0,72.0,90.0,99.0
20160328_153540_1281_361,1096.0,1126.0,1183.0,1203.0
20160328_153540_1281_721,878.0,940.0,918.0,908.0
20160328_153540_1921_1,208.0,232.0,270.0,292.0
20160328_153540_1921_1081,529.0,570.0,581.0,578.0
20160328_153540_1921_361,1436.0,1493.0,1477.0,1489.0
20160328_153540_1_361,1128.0,1179.0,1184.0,1192.0
20160328_153540_1_721,426.0,392.0,407.0,426.0
20160328_153540_641_361,1042.0,1075.0,1059.0,1070.0
20160328_153540_641_721,76.0,76.0,73.0,73.0
20160328_153544_1281_1,163.0,179.0,207.0,225.0
20160328_153544_1281_361,1017.0,1039.0,1071.0,1084.0
20160328_153544_1281_721,1539.0,1556.0,1543.0,1533.0
20160328_153544_1921_721,1561.0,1589.0,1569.0,1600.0
20160328_153544_1_1081,500.0,528.0,507.0,480.0
20160328_153544_1_721,1194.0,1209.0,1207.0,1188.0
20160328_153544_641_1,431.0,477.0,473.0,488.0
20160328_153544_641_721,1578.0,1614.0,1605.0,1622.0
20160328_153553_1281_361,1092.0,1148.0,1198.0,1237.0
20160328_153553_1281_721,953.0,985.0,970.0,994.0
20160328_153553_1921_361,1247.0,1322.0,1359.0,1382.0
20160328_153553_1921_721,274.0,316.0,347.0,375.0
20160328_153553_1_721,1130.0,1243.0,1196.0,1239.0
20160328_153553_641_1081,229.0,265.0,250.0,259.0
20160328_153553_641_361,541.0,559.0,610.0,621.0
20160328_153553_641_721,1760.0,1769.0,1783.0,1786.0
20160328_153556_1281_1,1173.0,1225.0,1229.0,1278.0
20160328_153556_1281_1081,1080.0,1167.0,1199.0,1255.0
20160328_153556_1281_361,1378.0,1456.0,1437.0,1472.0
20160328_153556_1281_721,1399.0,1445.0,1492.0,1518.0
20160328_153556_1_361,1041.0,1105.0,1149.0,1175.0
20160328_153556_1_721,280.0,321.0,330.0,324.0
20160328_153556_641_361,1280.0,1304.0,1307.0,1323.0
20160328_153559_1281_361,685.0,758.0,827.0,849.0
20160328_153559_1281_721,1681.0,1735.0,1741.0,1761.0
20160328_153559_1921_361,1493.0,1528.0,1572.0,1592.0
20160328_153559_1921_721,1338.0,1371.0,1436.0,1451.0
20160328_153559_1_361,1525.0,1565.0,1550.0,1578.0
20160328_153559_641_361,1711.0,1749.0,1755.0,1770.0
20160328_153559_641_721,239.0,260.0,312.0,334.0
20160328_153612_1281_1,1410.0,1309.0,1342.0,1325.0
20160328_153612_1281_1081,1260.0,1277.0,1261.0,1233.0
20160328_153612_1281_361,1449.0,1421.0,1405.0,1376.0
20160328_153612_1281_721,806.0,793.0,842.0,853.0
20160328_153612_1921_1081,884.0,888.0,891.0,899.0
20160328_153612_1921_361,774.0,746.0,724.0,710.0
20160328_153612_1921_721,924.0,813.0,855.0,867.0
20160328_153612_641_1,1611.0,1632.0,1640.0,1652.0
20160328_153612_641_1081,1589.0,1568.0,1568.0,1546.0
20160328_153612_641_361,1330.0,1313.0,1310.0,1312.0
20160328_153612_641_721,1428.0,1472.0,1503.0,1549.0
20160328_153616_1281_1081,1323.0,1279.0,1278.0,1259.0
20160328_153616_1281_361,1597.0,1600.0,1589.0,1571.0
20160328_153616_1281_721,485.0,445.0,427.0,428.0
20160328_153616_1921_1081,624.0,606.0,601.0,577.0
20160328_153616_1921_361,1869.0,1855.0,1862.0,1853.0
20160328_153616_1921_721,1114.0,1062.0,1063.0,1028.0
20160328_153616_1_361,1691.0,1693.0,1664.0,1648.0
20160328_153616_1_721,1207.0,1111.0,1133.0,1106.0
20160328_153616_641_1081,1407.0,1378.0,1363.0,1294.0
20160328_153616_641_361,1835.0,1832.0,1836.0,1827.0
20160328_153616_641_721,1283.0,1214.0,1211.0,1194.0
20160328_153623_1281_361,1777.0,1763.0,1762.0,1750.0
20160328_153623_1281_721,931.0,816.0,851.0,866.0
20160328_153623_1921_361,1302.0,1197.0,1268.0,1272.0
20160328_153623_1921_721,1882.0,1879.0,1879.0,1877.0
20160328_153623_1_361,1661.0,1623.0,1642.0,1642.0
20160328_153623_1_721,647.0,637.0,650.0,671.0
20160328_153623_641_361,1824.0,1803.0,1801.0,1791.0
20160328_153632_1281_361,1409.0,1352.0,1412.0,1402.0
20160328_153632_1281_721,1756.0,1754.0,1773.0,1768.0
20160328_153632_1921_721,1876.0,1877.0,1869.0,1869.0
20160328_153632_1_721,1880.0,1876.0,1870.0,1866.0
20160328_153632_641_1,1249.0,1140.0,1160.0,1144.0
20160328_153632_641_361,1895.0,1893.0,1893.0,1893.0
20160328_153632_641_721,1682.0,1647.0,1694.0,1693.0
20160328_153645_1281_361,1798.0,1813.0,1816.0,1825.0
20160328_153645_1281_721,646.0,640.0,723.0,777.0
20160328_153645_1921_361,787.0,822.0,858.0,877.0
20160328_153645_1921_721,1837.0,1846.0,1845.0,1843.0
20160328_153645_1_361,1799.0,1812.0,1815.0,1831.0
20160328_153645_1_721,635.0,712.0,777.0,809.0
20160328_153645_641_361,1786.0,1801.0,1807.0,1820.0
20160328_153645_641_721,279.0,259.0,287.0,295.0
20160328_153654_1281_1,550.0,535.0,517.0,497.0
20160328_153654_1281_361,715.0,668.0,678.0,701.0
20160328_153654_1281_721,1631.0,1581.0,1603.0,1582.0
20160328_153654_1921_1081,310.0,283.0,276.0,280.0
20160328_153654_1_361,1635.0,1612.0,1601.0,1581.0
20160328_153654_1_721,866.0,725.0,731.0,737.0
20160328_153654_641_361,1626.0,1597.0,1600.0,1595.0
20160328_153654_641_721,1324.0,1296.0,1281.0,1264.0
20160328_153657_1281_1,1563.0,1522.0,1516.0,1479.0
20160328_153657_1281_361,579.0,567.0,563.0,550.0
20160328_153657_1281_721,1833.0,1824.0,1813.0,1805.0
20160328_153657_1921_1,781.0,634.0,638.0,647.0
20160328_153657_1921_1081,1031.0,987.0,969.0,968.0
20160328_153657_1921_361,1308.0,1254.0,1282.0,1301.0
20160328_153657_1921_721,1219.0,1217.0,1227.0,1243.0
20160328_153657_1_1,1817.0,1792.0,1789.0,1769.0
20160328_153657_1_1081,1108.0,1080.0,1097.0,1056.0
20160328_153657_1_361,1471.0,1403.0,1402.0,1381.0
20160328_153657_1_721,1744.0,1722.0,1706.0,1686.0
20160328_153657_641_1,1713.0,1694.0,1680.0,1657.0
20160328_153657_641_1081,1313.0,1246.0,1216.0,1161.0
20160328_153657_641_361,1827.0,1825.0,1827.0,1816.0
20160328_153657_641_721,1571.0,1527.0,1548.0,1556.0
20160328_153702_1281_1,1734.0,1676.0,1670.0,1636.0
20160328_153702_1281_1081,1881.0,1873.0,1877.0,1870.0
20160328_153702_1281_361,1795.0,1760.0,1768.0,1731.0
20160328_153702_1281_721,739.0,602.0,604.0,613.0
20160328_153702_1921_1,1082.0,1018.0,1016.0,993.0
20160328_153702_1921_1081,636.0,531.0,520.0,526.0
20160328_153702_1921_361,1743.0,1712.0,1704.0,1678.0
20160328_153702_1921_721,363.0,345.0,324.0,314.0
20160328_153702_1_1,1662.0,1594.0,1598.0,1540.0
20160328_153702_1_1081,1620.0,1551.0,1565.0,1532.0
20160328_153702_1_361,1545.0,1452.0,1455.0,1404.0
20160328_153702_1_721,981.0,855.0,837.0,824.0
20160328_153702_641_1,1769.0,1710.0,1723.0,1680.0
20160328_153702_641_1081,1747.0,1699.0,1685.0,1653.0
20160328_153702_641_361,1648.0,1585.0,1594.0,1555.0
20160328_153702_641_721,1787.0,1762.0,1765.0,1736.0
20160328_153706_1281_1,1048.0,922.0,932.0,916.0
20160328_153706_1281_1081,1719.0,1656.0,1686.0,1669.0
20160328_153706_1281_361,1866.0,1852.0,1849.0,1838.0
20160328_153706_1281_721,1815.0,1777.0,1799.0,1772.0
20160328_153706_1921_1,1750.0,1702.0,1696.0,1658.0
20160328_153706_1921_361,307.0,244.0,236.0,242.0
20160328_153706_1921_721,1494.0,1419.0,1425.0,1379.0
20160328_153706_1_361,1359.0,1266.0,1241.0,1191.0
20160328_153706_641_1,910.0,783.0,775.0,758.0
20160328_153706_641_1081,1224.0,1106.0,1103.0,1062.0
20160328_153706_641_361,1779.0,1742.0,1731.0,1697.0
20160328_153706_641_721,1072.0,963.0,950.0,922.0
20160328_153714_1281_1,153.0,170.0,180.0,195.0
20160328_153714_1281_1081,1175.0,1145.0,1144.0,1124.0
20160328_153714_1281_361,1394.0,1418.0,1393.0,1366.0
20160328_153714_1281_721,1583.0,1584.0,1582.0,1553.0
20160328_153714_1921_1,32.0,34.0,35.0,38.0
20160328_153714_1921_1081,945.0,936.0,924.0,924.0
20160328_153714_1921_721,249.0,288.0,274.0,272.0
20160328_153714_1_1,1693.0,1638.0,1636.0,1584.0
20160328_153714_1_1081,971.0,896.0,879.0,868.0
20160328_153714_1_361,1634.0,1564.0,1587.0,1560.0
20160328_153714_641_1,326.0,338.0,335.0,317.0
20160328_153714_641_1081,1290.0,1299.0,1285.0,1245.0
20160328_153714_641_361,1765.0,1740.0,1732.0,1701.0
20160328_153714_641_721,190.0,199.0,191.0,191.0
20160328_153718_1281_1,1253.0,1143.0,1161.0,1143.0
20160328_153718_1281_1081,1393.0,1306.0,1303.0,1303.0
20160328_153718_1281_361,1089.0,1056.0,1083.0,1094.0
20160328_153718_1281_721,1658.0,1605.0,1619.0,1614.0
20160328_153718_1921_1,1216.0,1109.0,1094.0,1095.0
20160328_153718_1921_361,1191.0,1090.0,1081.0,1088.0
20160328_153718_1921_721,1264.0,1171.0,1153.0,1108.0
20160328_153718_1_1,925.0,787.0,778.0,767.0
20160328_153718_1_1081,1776.0,1731.0,1726.0,1694.0
20160328_153718_1_361,1035.0,915.0,895.0,858.0
20160328_153718_1_721,1515.0,1447.0,1432.0,1373.0
20160328_153718_641_1081,1342.0,1237.0,1249.0,1204.0
20160328_153724_1281_361,1282.0,1256.0,1262.0,1251.0
20160328_153724_1281_721,977.0,944.0,967.0,963.0
20160328_153724_1921_361,1778.0,1738.0,1740.0,1720.0
20160328_153724_1921_721,1226.0,1154.0,1274.0,1304.0
20160328_153724_1_1,1547.0,1451.0,1444.0,1365.0
20160328_153724_1_1081,780.0,739.0,748.0,751.0
20160328_153724_641_1,1759.0,1707.0,1705.0,1668.0
20160328_153724_641_1081,1587.0,1513.0,1525.0,1492.0
20160328_153724_641_361,1425.0,1340.0,1358.0,1332.0
20160328_153724_641_721,1629.0,1561.0,1556.0,1507.0
20160328_153732_1281_361,234.0,257.0,293.0,293.0
20160328_153732_1281_721,1666.0,1653.0,1657.0,1659.0
20160328_153732_1921_361,230.0,216.0,228.0,233.0
20160328_153732_1921_721,1600.0,1569.0,1584.0,1585.0
20160328_153732_1_361,1304.0,1261.0,1232.0,1202.0
20160328_153732_641_361,1774.0,1746.0,1752.0,1729.0
20160328_153732_641_721,725.0,694.0,757.0,770.0
20160328_153801_1281_361,1844.0,1840.0,1852.0,1845.0
20160328_153801_1281_721,1653.0,1672.0,1687.0,1712.0
20160328_153801_1921_361,1177.0,1245.0,1312.0,1348.0
20160328_153801_1921_721,1767.0,1784.0,1791.0,1808.0
20160328_153801_1_361,1457.0,1494.0,1468.0,1481.0
20160328_153801_1_721,1854.0,1836.0,1830.0,1822.0
20160328_153801_641_361,1748.0,1761.0,1772.0,1778.0
20160328_153801_641_721,1889.0,1890.0,1890.0,1890.0
20160328_153813_1281_1,1011.0,1081.0,1062.0,1073.0
20160328_153813_1281_1081,1732.0,1720.0,1721.0,1724.0
20160328_153813_1281_721,1668.0,1714.0,1718.0,1748.0
20160328_153813_1921_1,360.0,362.0,392.0,410.0
20160328_153813_1921_1081,1887.0,1889.0,1888.0,1889.0
20160328_153813_1921_361,496.0,513.0,501.0,504.0
20160328_153813_1_1,253.0,268.0,256.0,243.0
20160328_153813_1_1081,1274.0,1336.0,1316.0,1297.0
20160328_153813_1_361,1542.0,1542.0,1522.0,1498.0
20160328_153813_1_721,1135.0,1192.0,1155.0,1136.0
20160328_153813_641_1,1250.0,1275.0,1239.0,1254.0
20160328_153813_641_1081,845.0,879.0,850.0,847.0
20160328_153813_641_361,342.0,386.0,404.0,436.0
20160328_153813_641_721,1771.0,1786.0,1777.0,1779.0
20160328_153821_1281_1,1865.0,1856.0,1861.0,1855.0
20160328_153821_1281_1081,1826.0,1807.0,1797.0,1785.0
20160328_153821_1281_361,1433.0,1399.0,1410.0,1410.0
20160328_153821_1281_721,835.0,902.0,942.0,964.0
20160328_153821_1921_1,1745.0,1704.0,1711.0,1710.0
20160328_153821_1921_361,1065.0,956.0,948.0,932.0
20160328_153821_1921_721,1124.0,1042.0,1089.0,1117.0
20160328_153821_1_1,1462.0,1380.0,1383.0,1364.0
20160328_153821_1_1081,1384.0,1292.0,1287.0,1270.0
20160328_153821_1_361,1107.0,1022.0,1008.0,1021.0
20160328_153821_1_721,1389.0,1346.0,1365.0,1363.0
20160328_153821_641_1081,917.0,889.0,902.0,921.0
20160328_153821_641_361,653.0,592.0,635.0,668.0
20160328_153821_641_721,1872.0,1862.0,1856.0,1850.0
20160328_153845_1281_1,998.0,953.0,957.0,931.0
20160328_153845_1281_1081,1623.0,1553.0,1571.0,1547.0
20160328_153845_1281_361,1165.0,1185.0,1177.0,1142.0
20160328_153845_1281_721,1371.0,1305.0,1283.0,1229.0
20160328_153845_1921_361,923.0,952.0,917.0,878.0
20160328_153845_1_1,994.0,872.0,861.0,842.0
20160328_153845_1_361,755.0,682.0,674.0,653.0
20160328_153845_641_1,1632.0,1596.0,1599.0,1576.0
20160328_153845_641_1081,1818.0,1833.0,1838.0,1839.0
20160328_153845_641_361,1870.0,1867.0,1866.0,1863.0
20160328_153845_641_721,1783.0,1771.0,1774.0,1766.0
20160328_153848_1281_1,1646.0,1628.0,1634.0,1587.0
20160328_153848_1281_1081,1297.0,1325.0,1361.0,1318.0
20160328_153848_1281_361,1475.0,1466.0,1447.0,1406.0
20160328_153848_1281_721,607.0,662.0,641.0,632.0
20160328_153848_1921_1,159.0,139.0,144.0,145.0
20160328_153848_1921_1081,860.0,941.0,909.0,896.0
20160328_153848_1921_361,512.0,565.0,531.0,525.0
20160328_153848_1_1,696.0,654.0,657.0,675.0
20160328_153848_1_1081,91.0,112.0,108.0,101.0
20160328_153848_1_361,965.0,1026.0,1017.0,1034.0
20160328_153848_1_721,320.0,277.0,281.0,286.0
20160328_153848_641_1,1625.0,1620.0,1621.0,1612.0
20160328_153848_641_1081,1836.0,1845.0,1840.0,1836.0
20160328_153848_641_361,1180.0,1223.0,1212.0,1206.0
20160328_153848_641_721,1381.0,1370.0,1356.0,1354.0
20160328_153915_1281_361,1730.0,1711.0,1701.0,1702.0
20160328_153915_1921_361,690.0,650.0,669.0,676.0
20160328_153915_1921_721,1894.0,1895.0,1895.0,1895.0
20160328_153915_1_361,937.0,798.0,822.0,835.0
20160328_153915_1_721,1813.0,1787.0,1780.0,1756.0
20160328_153915_641_361,1884.0,1881.0,1881.0,1881.0
20160328_153918_1281_721,1622.0,1674.0,1645.0,1670.0
20160328_153918_1921_721,1802.0,1815.0,1823.0,1832.0
20160328_153918_1_361,1830.0,1844.0,1848.0,1852.0
20160328_153918_1_721,260.0,278.0,346.0,368.0
20160328_153918_641_721,1699.0,1732.0,1722.0,1740.0
20160328_154011_1281_1,1196.0,1097.0,1073.0,1051.0
20160328_154011_1281_361,1586.0,1534.0,1540.0,1496.0
20160328_154011_1281_721,621.0,569.0,557.0,553.0
20160328_154011_1921_1,1446.0,1405.0,1396.0,1384.0
20160328_154011_1921_1081,890.0,850.0,843.0,844.0
20160328_154011_1921_361,1057.0,955.0,973.0,986.0
20160328_154011_1921_721,214.0,248.0,240.0,249.0
20160328_154011_1_1,1846.0,1819.0,1831.0,1821.0
20160328_154011_1_1081,637.0,515.0,502.0,506.0
20160328_154011_1_361,1367.0,1342.0,1326.0,1299.0
20160328_154011_1_721,1163.0,1060.0,1046.0,1038.0
20160328_154011_641_1081,528.0,516.0,509.0,507.0
20160328_154011_641_361,1506.0,1495.0,1480.0,1470.0
20160328_154017_1281_1,697.0,824.0,806.0,864.0
20160328_154017_1281_1081,523.0,554.0,681.0,716.0
20160328_154017_1281_361,1287.0,1349.0,1315.0,1311.0
20160328_154017_1281_721,1495.0,1538.0,1534.0,1519.0
20160328_154017_1921_1081,1263.0,1291.0,1330.0,1331.0
20160328_154017_1921_361,223.0,255.0,244.0,248.0
20160328_154017_1921_721,479.0,493.0,487.0,491.0
20160328_154017_1_1,445.0,518.0,489.0,487.0
20160328_154017_1_1081,1112.0,1151.0,1135.0,1131.0
20160328_154017_1_361,88.0,105.0,109.0,110.0
20160328_154017_1_721,796.0,791.0,774.0,774.0
20160328_154017_641_1081,371.0,395.0,417.0,430.0
20160328_154017_641_361,1123.0,1211.0,1186.0,1149.0
20160328_154017_641_721,1319.0,1373.0,1349.0,1329.0
20160328_154159_1281_1081,1303.0,1312.0,1322.0,1330.0
20160328_154159_1281_361,1642.0,1678.0,1678.0,1700.0
20160328_154159_1281_721,1470.0,1383.0,1401.0,1374.0
20160328_154159_1921_1081,1021.0,1135.0,1139.0,1212.0
20160328_154159_1921_361,1458.0,1498.0,1508.0,1541.0
20160328_154159_1921_721,1510.0,1558.0,1560.0,1588.0
20160328_154159_1_361,1874.0,1864.0,1864.0,1856.0
20160328_154159_1_721,661.0,701.0,762.0,788.0
20160328_154159_641_361,1784.0,1785.0,1776.0,1787.0
20160328_154202_1281_1,408.0,459.0,525.0,549.0
20160328_154202_1281_1081,1888.0,1886.0,1884.0,1885.0
20160328_154202_1281_361,1753.0,1774.0,1766.0,1775.0
20160328_154202_1921_1081,1697.0,1725.0,1742.0,1753.0
20160328_154202_1921_361,420.0,384.0,418.0,441.0
20160328_154202_1921_721,1811.0,1805.0,1824.0,1814.0
20160328_154202_1_1081,782.0,733.0,753.0,780.0
20160328_154202_641_1,1429.0,1444.0,1498.0,1528.0
20160328_154202_641_1081,1867.0,1870.0,1868.0,1867.0
20160328_154202_641_361,733.0,720.0,760.0,784.0
20160328_154202_641_721,1501.0,1433.0,1445.0,1441.0
20160328_154318_1281_361,767.0,653.0,673.0,680.0
20160328_154318_1281_721,1812.0,1781.0,1785.0,1759.0
20160328_154318_1921_721,1702.0,1652.0,1652.0,1637.0
20160328_154318_1_1,1849.0,1828.0,1820.0,1810.0
20160328_154318_1_1081,1318.0,1220.0,1220.0,1201.0
20160328_154318_1_721,1348.0,1244.0,1260.0,1217.0
20160328_154318_641_1,1814.0,1778.0,1792.0,1760.0
20160328_154318_641_361,1751.0,1692.0,1727.0,1703.0
20160328_154318_641_721,1500.0,1415.0,1433.0,1391.0
20160328_154321_1281_1,492.0,479.0,530.0,554.0
20160328_154321_1281_361,254.0,280.0,316.0,319.0
20160328_154321_1281_721,1227.0,1287.0,1263.0,1277.0
20160328_154321_1921_1081,566.0,547.0,577.0,607.0
20160328_154321_1921_721,1427.0,1454.0,1458.0,1465.0
20160328_154321_1_721,1307.0,1366.0,1340.0,1361.0
20160328_154321_641_1,1091.0,1004.0,1011.0,1006.0
20160328_154321_641_361,679.0,687.0,737.0,760.0
20160328_154321_641_721,1842.0,1838.0,1837.0,1842.0
20160328_154325_1281_1,428.0,465.0,474.0,492.0
20160328_154325_1281_361,1820.0,1814.0,1806.0,1793.0
20160328_154325_1281_721,1516.0,1505.0,1555.0,1552.0
20160328_154325_1921_1,582.0,590.0,607.0,636.0
20160328_154325_1921_1081,676.0,651.0,653.0,660.0
20160328_154325_1921_721,813.0,839.0,925.0,949.0
20160328_154325_1_361,1476.0,1497.0,1484.0,1510.0
20160328_154325_641_361,1039.0,1112.0,1080.0,1123.0
20160328_154325_641_721,391.0,396.0,430.0,453.0
20160328_154452_1281_361,1640.0,1680.0,1688.0,1715.0
20160328_154452_1281_721,610.0,511.0,524.0,533.0
20160328_154452_1921_721,1667.0,1667.0,1646.0,1660.0
20160328_154452_1_361,1485.0,1521.0,1511.0,1548.0
20160328_154452_1_721,373.0,429.0,482.0,517.0
20160328_154452_641_361,1321.0,1410.0,1376.0,1426.0
20160328_154454_361_1,542.0,441.0,447.0,463.0
20160328_154454_361_1921,1782.0,1780.0,1793.0,1804.0
20160328_154454_721_1,1488.0,1467.0,1452.0,1438.0
20160328_154454_721_1281,1843.0,1842.0,1841.0,1848.0
20160328_154454_721_1921,1298.0,1298.0,1347.0,1378.0
20160328_154454_721_641,1647.0,1635.0,1627.0,1628.0
20160329_103609_1_1921,266.0,305.0,326.0,345.0
20160329_103609_361_1,1595.0,1609.0,1596.0,1598.0
20160329_103609_361_1281,1430.0,1392.0,1379.0,1377.0
20160329_103609_361_1921,1772.0,1791.0,1778.0,1777.0
20160329_103609_361_641,1192.0,1242.0,1272.0,1286.0
20160329_103609_721_1281,284.0,293.0,298.0,307.0
20160329_103609_721_1921,177.0,145.0,139.0,147.0
20160329_103609_721_641,447.0,480.0,491.0,502.0
20160329_103800_1_641,516.0,523.0,589.0,604.0
20160329_103800_361_1,1718.0,1750.0,1719.0,1721.0
20160329_103800_361_1281,1650.0,1695.0,1700.0,1717.0
20160329_103800_361_1921,778.0,762.0,801.0,820.0
20160329_103800_361_641,1698.0,1717.0,1710.0,1719.0
20160329_103800_721_1,440.0,444.0,441.0,459.0
20160329_103800_721_1281,810.0,864.0,903.0,933.0
20160329_103800_721_1921,1692.0,1727.0,1717.0,1741.0
20160329_103800_721_641,1310.0,1361.0,1355.0,1352.0
20160329_111111_361_1281,392.0,414.0,449.0,451.0
20160329_111111_361_1921,1599.0,1526.0,1547.0,1513.0
20160329_111111_361_641,367.0,430.0,436.0,447.0
20160329_111111_721_1,944.0,960.0,945.0,938.0
20160329_111111_721_1281,1325.0,1314.0,1334.0,1333.0
20160329_111111_721_1921,405.0,408.0,412.0,421.0
20160329_111111_721_641,881.0,924.0,944.0,962.0
20160330_165325_1281_1081,756.0,736.0,729.0,727.0
20160330_165325_1281_361,846.0,857.0,818.0,773.0
20160330_165325_1281_721,1466.0,1471.0,1430.0,1394.0
20160330_165325_1921_1081,1162.0,1175.0,1138.0,1087.0
20160330_165325_1921_361,1403.0,1386.0,1351.0,1281.0
20160330_165325_1921_721,1118.0,1049.0,1018.0,956.0
20160330_165325_1_721,1546.0,1554.0,1529.0,1491.0
20160330_165325_641_361,418.0,434.0,408.0,396.0
20160330_165325_641_721,1727.0,1705.0,1708.0,1690.0
20160330_165333_1281_1081,1053.0,1070.0,1076.0,1080.0
20160330_165333_1281_721,633.0,700.0,786.0,800.0
20160330_165333_1921_1081,206.0,190.0,202.0,209.0
20160330_165333_1921_361,673.0,698.0,675.0,683.0
20160330_165333_1921_721,1706.0,1703.0,1703.0,1679.0
20160330_165333_1_1081,1296.0,1302.0,1298.0,1298.0
20160330_165333_1_721,1259.0,1317.0,1321.0,1334.0
20160330_165333_641_1081,233.0,240.0,231.0,227.0
20160330_165333_641_721,1543.0,1541.0,1544.0,1521.0
20160330_165644_1281_1081,753.0,734.0,738.0,725.0
20160330_165644_1281_361,1671.0,1659.0,1644.0,1623.0
20160330_165644_1281_721,871.0,882.0,872.0,846.0
20160330_165644_1921_361,1006.0,1047.0,1000.0,943.0
20160330_165644_1921_721,1568.0,1570.0,1561.0,1542.0
20160330_165644_1_1081,926.0,914.0,888.0,876.0
20160330_165644_1_361,247.0,226.0,247.0,251.0
20160330_165644_1_721,1746.0,1755.0,1747.0,1728.0
20160330_165644_641_1081,80.0,79.0,86.0,90.0
20160330_165644_641_361,527.0,473.0,468.0,475.0
20160330_165644_641_721,1641.0,1677.0,1635.0,1630.0
20160330_170014_1281_721,654.0,656.0,620.0,585.0
20160330_170014_1921_721,951.0,897.0,862.0,803.0
20160330_170014_1_361,359.0,276.0,262.0,275.0
20160330_170014_1_721,1030.0,988.0,963.0,927.0
20160330_170014_641_361,285.0,317.0,286.0,257.0
20160330_170014_641_721,50.0,50.0,50.0,49.0
20160330_170114_1281_361,36.0,35.0,40.0,41.0
20160330_170114_1281_721,1236.0,1284.0,1244.0,1186.0
20160330_170114_1921_721,1029.0,1065.0,1029.0,1000.0
20160330_170114_1_721,1084.0,1079.0,1052.0,1011.0
20160330_170114_641_361,245.0,225.0,217.0,210.0
20160330_170114_641_721,712.0,735.0,716.0,686.0
20160330_170201_1281_721,520.0,534.0,504.0,471.0
20160330_170201_1921_721,564.0,600.0,585.0,558.0
20160330_170201_1_721,1268.0,1290.0,1289.0,1266.0
20160330_170201_641_361,52.0,51.0,54.0,56.0
20160330_170201_641_721,590.0,617.0,611.0,602.0
20160330_170256_1281_721,1739.0,1767.0,1759.0,1752.0
20160330_170256_1921_721,1414.0,1512.0,1488.0,1550.0
20160330_170256_1_1,531.0,512.0,592.0,614.0
20160330_170256_1_361,1655.0,1709.0,1713.0,1745.0
20160330_170256_641_361,1317.0,1355.0,1421.0,1436.0
20160330_170256_641_721,1687.0,1723.0,1702.0,1718.0
20160330_170302_1281_1,434.0,450.0,445.0,454.0
20160330_170302_1281_361,1762.0,1768.0,1763.0,1746.0
20160330_170302_1281_721,1851.0,1854.0,1853.0,1849.0
20160330_170302_1921_1081,875.0,868.0,931.0,954.0
20160330_170302_1921_721,1579.0,1626.0,1625.0,1647.0
20160330_170302_1_1081,472.0,453.0,454.0,446.0
20160330_170302_1_721,1478.0,1489.0,1471.0,1457.0
20160330_170302_641_1,1369.0,1323.0,1333.0,1340.0
20160330_170302_641_1081,724.0,775.0,846.0,860.0
20160330_170302_641_361,421.0,432.0,467.0,485.0
20160330_170302_641_721,1205.0,1229.0,1243.0,1232.0
20160330_170308_1281_361,1054.0,1149.0,1113.0,1166.0
20160330_170308_1281_721,1291.0,1337.0,1337.0,1346.0
20160330_170308_1921_1081,1116.0,1176.0,1185.0,1216.0
20160330_170308_1921_361,909.0,993.0,966.0,1014.0
20160330_170308_1921_721,1239.0,1303.0,1301.0,1327.0
20160330_170308_1_361,205.0,221.0,277.0,290.0
20160330_170308_1_721,1541.0,1576.0,1554.0,1580.0
20160330_170308_641_361,1794.0,1799.0,1788.0,1792.0
20160330_170308_641_721,340.0,376.0,389.0,394.0
20160330_170348_1281_361,863.0,917.0,974.0,1009.0
20160330_170348_1281_721,1240.0,1226.0,1234.0,1249.0
20160330_170348_1921_721,1370.0,1450.0,1426.0,1476.0
20160330_170348_1_721,1230.0,1363.0,1323.0,1401.0
20160330_170348_641_361,999.0,1078.0,1150.0,1200.0
20160330_170348_641_721,1411.0,1474.0,1499.0,1545.0
20160330_170428_1081_641,1152.0,1232.0,1236.0,1287.0
20160330_170428_1_641,1111.0,1110.0,1106.0,1153.0
20160330_170428_361_641,1376.0,1385.0,1419.0,1448.0
20160330_170428_721_641,664.0,777.0,779.0,841.0
20160330_170501_1281_361,1423.0,1464.0,1485.0,1505.0
20160330_170501_1281_721,53.0,52.0,56.0,60.0
20160330_170501_1921_361,1562.0,1575.0,1608.0,1619.0
20160330_170501_1921_721,289.0,320.0,373.0,390.0
20160330_170501_1_721,1426.0,1435.0,1423.0,1428.0
20160330_170501_641_361,751.0,750.0,770.0,798.0
20160330_170501_641_721,827.0,887.0,881.0,907.0
20160330_170504_1281_361,991.0,950.0,999.0,1035.0
20160330_170504_1281_721,1333.0,1404.0,1397.0,1437.0
20160330_170504_1921_361,1624.0,1673.0,1673.0,1714.0
20160330_170504_1921_721,111.0,119.0,134.0,142.0
20160330_170504_1_361,799.0,801.0,799.0,808.0
20160330_170504_1_721,698.0,699.0,707.0,734.0
20160330_170504_641_721,1621.0,1613.0,1593.0,1593.0
20160330_170507_1281_361,521.0,573.0,621.0,634.0
20160330_170507_1281_721,941.0,1011.0,1015.0,1036.0
20160330_170507_1921_721,1266.0,1297.0,1270.0,1289.0
20160330_170507_1_361,865.0,886.0,905.0,906.0
20160330_170507_1_721,1633.0,1591.0,1626.0,1611.0
20160330_170507_641_361,932.0,916.0,899.0,913.0
20160330_170507_641_721,1047.0,989.0,994.0,1004.0
20160330_170848_1281_1,1043.0,1093.0,1050.0,1049.0
20160330_170848_1281_361,498.0,541.0,533.0,559.0
20160330_170848_1281_721,639.0,705.0,655.0,659.0
20160330_170848_1921_1,417.0,431.0,423.0,438.0
20160330_170848_1921_361,162.0,182.0,198.0,199.0
20160330_170848_1921_721,644.0,688.0,680.0,679.0
20160330_170848_1_1,1095.0,1120.0,1122.0,1172.0
20160330_170848_1_1081,1115.0,1159.0,1131.0,1133.0
20160330_170848_1_361,821.0,913.0,900.0,937.0
20160330_170848_1_721,1467.0,1476.0,1465.0,1461.0
20160330_170848_641_1,273.0,267.0,289.0,294.0
20160330_170848_641_361,128.0,135.0,164.0,180.0
20160330_170848_641_721,1508.0,1517.0,1486.0,1458.0
20160330_170922_1281_721,1199.0,1193.0,1167.0,1109.0
20160330_170922_1921_1081,475.0,489.0,455.0,439.0
20160330_170922_1921_721,549.0,607.0,569.0,541.0
20160330_170922_1_361,1137.0,1101.0,1064.0,998.0
20160330_170922_641_1,237.0,227.0,205.0,204.0
20160330_170922_641_361,1061.0,1064.0,1020.0,951.0
20160330_170922_641_721,358.0,391.0,370.0,358.0
20160330_172305_1281_361,1261.0,1293.0,1284.0,1308.0
20160330_172305_1281_721,532.0,608.0,582.0,595.0
20160330_172305_1921_361,955.0,970.0,939.0,959.0
20160330_172305_1921_721,770.0,894.0,847.0,875.0
20160330_172305_1_1081,1182.0,1210.0,1181.0,1173.0
20160330_172305_1_721,594.0,678.0,694.0,707.0
20160330_172305_641_361,8.5,8.5,8.5,8.5
20160330_172305_641_721,1645.0,1651.0,1630.0,1626.0
20160402_150105_1281_1081,1225.0,1183.0,1164.0,1097.0
20160402_150105_1281_361,1252.0,1153.0,1124.0,1067.0
20160402_150105_1921_1081,892.0,769.0,773.0,771.0
20160402_150105_1921_361,425.0,398.0,396.0,402.0
20160402_150105_1921_721,415.0,381.0,363.0,354.0
20160402_150105_1_1,1221.0,1113.0,1087.0,1061.0
20160402_150105_641_1,1087.0,995.0,1013.0,988.0
20160402_150105_641_1081,161.0,150.0,155.0,159.0
20160402_150105_641_361,1136.0,1095.0,1068.0,1030.0
20160402_150105_641_721,1218.0,1130.0,1116.0,1078.0
20160402_150110_1281_1,957.0,881.0,873.0,855.0
20160402_150110_1281_1081,710.0,661.0,666.0,694.0
20160402_150110_1281_361,501.0,500.0,512.0,516.0
20160402_150110_1921_1,511.0,498.0,495.0,481.0
20160402_150110_1921_1081,243.0,214.0,223.0,236.0
20160402_150110_1921_361,409.0,351.0,338.0,349.0
20160402_150110_1921_721,1391.0,1357.0,1335.0,1275.0
20160402_150110_1_1081,841.0,853.0,825.0,817.0
20160402_150110_1_721,255.0,254.0,264.0,270.0
20160402_150110_641_1081,600.0,591.0,590.0,591.0
20160402_150110_641_361,992.0,904.0,904.0,910.0
20160402_150110_641_721,1345.0,1258.0,1245.0,1210.0
20160402_150300_1281_721,1418.0,1379.0,1375.0,1341.0
20160402_150300_1921_721,481.0,463.0,456.0,461.0
20160402_150300_1_721,1554.0,1501.0,1510.0,1506.0
20160402_150300_641_721,1567.0,1529.0,1536.0,1526.0
20160402_150304_1281_721,1758.0,1716.0,1707.0,1691.0
20160402_150304_1921_721,1557.0,1509.0,1507.0,1508.0
20160402_150304_1_721,1361.0,1321.0,1306.0,1269.0
20160402_150304_641_721,1638.0,1586.0,1570.0,1554.0
20160402_150317_1281_361,1497.0,1482.0,1487.0,1474.0
20160402_150317_1281_721,1453.0,1412.0,1429.0,1390.0
20160402_150317_1921_361,1213.0,1187.0,1205.0,1209.0
20160402_150317_1921_721,1441.0,1396.0,1385.0,1336.0
20160402_150317_1_361,335.0,325.0,353.0,365.0
20160402_150317_1_721,1351.0,1324.0,1369.0,1358.0
20160402_150317_641_361,856.0,828.0,874.0,887.0
20160402_150317_641_721,1380.0,1315.0,1325.0,1310.0
20160402_150938_1281_1081,1424.0,1345.0,1320.0,1290.0
20160402_150938_1281_721,1408.0,1344.0,1348.0,1313.0
20160402_150938_1921_1081,1700.0,1689.0,1698.0,1677.0
20160402_150938_1921_721,171.0,151.0,151.0,161.0
20160402_150938_1_1,980.0,848.0,869.0,872.0
20160402_150938_1_361,1659.0,1634.0,1622.0,1594.0
20160402_150938_641_361,801.0,807.0,798.0,810.0
20160402_150938_641_721,1305.0,1294.0,1277.0,1265.0
20160402_150942_1281_721,1533.0,1546.0,1521.0,1509.0
20160402_150942_1921_1081,687.0,659.0,644.0,639.0
20160402_150942_1921_721,1183.0,1203.0,1170.0,1180.0
20160402_150942_1_361,1785.0,1772.0,1761.0,1751.0
20160402_150942_641_361,1422.0,1398.0,1388.0,1396.0
20160402_150942_641_721,1211.0,1235.0,1224.0,1225.0
20160402_151837_1281_721,640.0,697.0,659.0,656.0
20160402_151837_1921_361,708.0,690.0,698.0,704.0
20160402_151837_1921_721,361.0,355.0,342.0,353.0
20160402_151837_1_721,677.0,664.0,637.0,622.0
20160402_151837_641_721,642.0,660.0,619.0,615.0
20160405_171215_1281_361,758.0,771.0,783.0,804.0
20160405_171215_1281_721,1829.0,1827.0,1819.0,1811.0
20160405_171215_1921_1081,1206.0,1170.0,1194.0,1197.0
20160405_171215_1921_721,1396.0,1382.0,1370.0,1347.0
20160405_171215_1_1,1781.0,1782.0,1771.0,1758.0
20160405_171215_1_361,1016.0,1009.0,1012.0,983.0
20160405_171215_641_361,1679.0,1708.0,1681.0,1675.0
20160405_171215_641_721,552.0,563.0,573.0,598.0
20160405_171219_1281_361,705.0,740.0,752.0,793.0
20160405_171219_1281_721,1469.0,1457.0,1448.0,1442.0
20160405_171219_1921_721,1473.0,1511.0,1491.0,1497.0
20160405_171219_1_361,1573.0,1514.0,1545.0,1537.0
20160405_171219_1_721,1520.0,1463.0,1474.0,1459.0
20160405_171219_641_361,974.0,1055.0,1022.0,1044.0
20160405_171219_641_721,1157.0,1205.0,1242.0,1257.0
20160405_171333_1281_361,436.0,357.0,354.0,378.0
20160405_171333_1281_721,1690.0,1650.0,1655.0,1615.0
20160405_171333_1921_721,1637.0,1592.0,1577.0,1563.0
20160405_171333_1_361,1242.0,1146.0,1169.0,1162.0
20160405_171333_1_721,1059.0,1012.0,1001.0,987.0
20160405_171333_641_721,1549.0,1475.0,1463.0,1445.0
20160405_171336_1281_361,1831.0,1843.0,1847.0,1854.0
20160405_171336_1921_1081,615.0,539.0,564.0,596.0
20160405_171336_1921_361,1099.0,1158.0,1253.0,1293.0
20160405_171336_1921_721,1736.0,1766.0,1769.0,1789.0
20160405_171336_1_361,1735.0,1739.0,1749.0,1749.0
20160405_171336_1_721,982.0,1005.0,1110.0,1147.0
20160405_171336_641_361,1550.0,1574.0,1613.0,1627.0
20160405_171336_641_721,1603.0,1619.0,1647.0,1664.0
20160405_171353_1281_721,1548.0,1567.0,1546.0,1562.0
20160405_171353_1921_361,299.0,263.0,291.0,297.0
20160405_171353_1921_721,1443.0,1480.0,1476.0,1495.0
20160405_171353_1_721,1796.0,1806.0,1803.0,1807.0
20160405_171353_641_721,1775.0,1789.0,1782.0,1797.0
20160405_171410_1281_361,886.0,948.0,1051.0,1091.0
20160405_171410_1281_721,1893.0,1894.0,1894.0,1894.0
20160405_171410_1921_361,1581.0,1640.0,1653.0,1689.0
20160405_171410_1921_721,1705.0,1745.0,1750.0,1774.0
20160405_171410_1_361,1120.0,1024.0,1041.0,1041.0
20160405_171410_1_721,1764.0,1773.0,1770.0,1776.0
20160405_171410_641_361,967.0,898.0,897.0,886.0
20160405_171410_641_721,1886.0,1885.0,1885.0,1884.0
20160405_171431_1281_361,1721.0,1758.0,1751.0,1762.0
20160405_171431_1921_361,1807.0,1822.0,1817.0,1819.0
20160405_171431_1_1081,1803.0,1810.0,1810.0,1818.0
20160405_171431_1_721,942.0,1036.0,1060.0,1128.0
20160405_171431_641_1,1465.0,1441.0,1439.0,1454.0
20160405_171431_641_361,1806.0,1820.0,1821.0,1826.0
20160405_171431_641_721,1170.0,1240.0,1266.0,1309.0
20160405_171453_1281_1,1440.0,1377.0,1377.0,1371.0
20160405_171453_1281_361,1828.0,1839.0,1835.0,1833.0
20160405_171453_1281_721,374.0,313.0,306.0,311.0
20160405_171453_1921_1,278.0,287.0,288.0,302.0
20160405_171453_1921_1081,1834.0,1841.0,1846.0,1857.0
20160405_171453_1921_361,1243.0,1132.0,1223.0,1248.0
20160405_171453_1921_721,1720.0,1733.0,1720.0,1716.0
20160405_171453_1_1081,622.0,560.0,570.0,574.0
20160405_171453_1_721,1863.0,1866.0,1872.0,1878.0
20160405_171453_641_361,1754.0,1736.0,1734.0,1727.0
20160405_171453_641_721,1677.0,1671.0,1656.0,1650.0
20160405_171456_1281_361,1530.0,1563.0,1563.0,1574.0
20160405_171456_1281_721,1481.0,1477.0,1479.0,1485.0
20160405_171456_1921_1081,1871.0,1874.0,1871.0,1871.0
20160405_171456_1921_721,1447.0,1453.0,1466.0,1468.0
20160405_171456_1_1,1819.0,1831.0,1834.0,1841.0
20160405_171456_1_361,746.0,829.0,935.0,980.0
20160405_171456_641_361,1821.0,1829.0,1826.0,1829.0
20160405_171712_1281_1,828.0,806.0,882.0,909.0
20160405_171712_1281_361,1878.0,1882.0,1883.0,1883.0
20160405_171712_1281_721,984.0,983.0,1039.0,1048.0
20160405_171712_1921_1,1190.0,1269.0,1252.0,1285.0
20160405_171712_1921_1081,1608.0,1627.0,1650.0,1671.0
20160405_171712_1921_721,1200.0,1260.0,1286.0,1338.0
20160405_171712_1_361,1858.0,1859.0,1865.0,1872.0
20160405_171712_1_721,1301.0,1262.0,1350.0,1362.0
20160405_171712_641_361,771.0,695.0,728.0,748.0
20160405_171712_641_721,1801.0,1800.0,1800.0,1802.0
20160405_171716_1281_361,940.0,926.0,958.0,982.0
20160405_171716_1281_721,1590.0,1595.0,1579.0,1572.0
20160405_171716_1921_721,1707.0,1698.0,1697.0,1704.0
20160405_171716_1_1081,1238.0,1270.0,1256.0,1295.0
20160405_171716_1_361,215.0,206.0,211.0,218.0
20160405_171716_1_721,1810.0,1818.0,1809.0,1803.0
20160405_171716_641_361,1570.0,1560.0,1559.0,1565.0
20160405_171716_641_721,749.0,642.0,665.0,693.0
20160405_171723_1281_1,1575.0,1496.0,1504.0,1475.0
20160405_171723_1281_361,1741.0,1719.0,1738.0,1733.0
20160405_171723_1281_721,1797.0,1809.0,1802.0,1795.0
20160405_171723_1921_1081,1823.0,1830.0,1832.0,1840.0
20160405_171723_1921_721,1337.0,1316.0,1368.0,1389.0
20160405_171723_1_721,1770.0,1770.0,1758.0,1755.0
20160405_171723_641_721,1852.0,1850.0,1844.0,1844.0
20160405_172849_1281_1,1498.0,1485.0,1450.0,1403.0
20160405_172849_1281_1081,979.0,954.0,938.0,911.0
20160405_172849_1281_361,1853.0,1858.0,1859.0,1861.0
20160405_172849_1281_721,1685.0,1690.0,1689.0,1665.0
20160405_172849_1921_1,929.0,876.0,880.0,873.0
20160405_172849_1921_1081,830.0,867.0,834.0,838.0
20160405_172849_1921_361,31.0,31.0,30.0,33.0
20160405_172849_1921_721,1474.0,1500.0,1481.0,1493.0
20160405_172849_1_1,33.0,32.0,36.0,39.0
20160405_172849_1_1081,963.0,1029.0,1056.0,1113.0
20160405_172849_1_361,1768.0,1790.0,1796.0,1809.0
20160405_172849_1_721,1131.0,1191.0,1206.0,1234.0
20160405_172849_641_1081,581.0,526.0,518.0,519.0
20160405_172849_641_361,1861.0,1871.0,1875.0,1875.0
20160405_172849_641_721,1454.0,1473.0,1443.0,1433.0
20160405_172854_1281_1081,174.0,159.0,161.0,169.0
20160405_172854_1281_721,1847.0,1848.0,1839.0,1835.0
20160405_172854_1921_1,437.0,461.0,450.0,452.0
20160405_172854_1921_1081,1715.0,1756.0,1756.0,1780.0
20160405_172854_1921_361,1487.0,1459.0,1438.0,1411.0
20160405_172854_1921_721,1142.0,1174.0,1259.0,1284.0
20160405_172854_1_361,1791.0,1808.0,1812.0,1817.0
20160405_172854_1_721,555.0,582.0,612.0,652.0
20160405_172854_641_1081,1007.0,966.0,986.0,975.0
20160405_172854_641_721,1891.0,1892.0,1891.0,1892.0
20160405_172908_1281_1,222.0,209.0,213.0,221.0
20160405_172908_1281_1081,786.0,820.0,848.0,874.0
20160405_172908_1281_361,64.0,63.0,68.0,70.0
20160405_172908_1281_721,1850.0,1853.0,1850.0,1847.0
20160405_172908_1921_1081,1477.0,1506.0,1496.0,1531.0
20160405_172908_1921_721,22.0,22.0,24.0,27.0
20160405_172908_1_1,364.0,349.0,369.0,401.0
20160405_172908_641_1,1839.0,1851.0,1855.0,1860.0
20160405_172908_641_1081,1654.0,1681.0,1672.0,1685.0
20160405_172908_641_361,1804.0,1816.0,1818.0,1812.0
20160405_172908_641_721,1859.0,1868.0,1873.0,1873.0
20160407_163125_1281_361,127.0,134.0,163.0,177.0
20160407_163125_1281_721,1729.0,1685.0,1661.0,1629.0
20160407_163125_1921_721,1419.0,1402.0,1380.0,1369.0
20160407_163125_1_721,1417.0,1387.0,1371.0,1355.0
20160407_163125_641_361,903.0,907.0,947.0,940.0
20160407_163125_641_721,1459.0,1436.0,1440.0,1423.0
20160407_163515_1281_361,258.0,292.0,318.0,343.0
20160407_163515_1281_721,1385.0,1374.0,1398.0,1397.0
20160407_163515_1921_721,1675.0,1686.0,1684.0,1708.0
20160407_163515_1_361,1558.0,1550.0,1551.0,1561.0
20160407_163515_1_721,196.0,218.0,260.0,282.0
20160407_163515_641_361,817.0,836.0,826.0,818.0
20160407_163515_641_721,1604.0,1579.0,1631.0,1633.0
20160407_163522_1281_721,1503.0,1504.0,1526.0,1529.0
20160407_163522_1921_721,1401.0,1427.0,1424.0,1440.0
20160407_163522_1_361,201.0,180.0,195.0,198.0
20160407_163522_1_721,1066.0,1040.0,1027.0,999.0
20160407_163522_641_361,490.0,455.0,459.0,462.0
20160407_163522_641_721,1251.0,1231.0,1255.0,1231.0
20160407_164918_1281_721,1328.0,1367.0,1353.0,1367.0
20160407_164918_1921_721,1514.0,1479.0,1482.0,1466.0
20160407_164918_1_1,179.0,174.0,169.0,175.0
20160407_164918_1_361,766.0,676.0,645.0,628.0
20160407_164918_1_721,844.0,784.0,767.0,764.0
20160407_164918_641_721,1187.0,1186.0,1156.0,1135.0
20160407_165009_1281_361,517.0,509.0,523.0,528.0
20160407_165009_1281_721,1340.0,1308.0,1308.0,1306.0
20160407_165009_1921_1081,58.0,57.0,60.0,63.0
20160407_165009_1921_721,726.0,789.0,785.0,776.0
20160407_165009_1_361,1335.0,1365.0,1352.0,1351.0
20160407_165009_1_721,450.0,383.0,391.0,413.0
20160407_165009_641_1081,416.0,368.0,402.0,420.0
20160407_165009_641_361,1201.0,1252.0,1222.0,1230.0
20160407_165009_641_721,1138.0,1141.0,1163.0,1145.0
20160407_165210_1281_721,1360.0,1388.0,1362.0,1383.0
20160407_165210_1921_361,729.0,629.0,684.0,717.0
20160407_165210_1921_721,1486.0,1519.0,1501.0,1527.0
20160407_165210_1_1081,934.0,908.0,889.0,883.0
20160407_165210_1_721,1184.0,1199.0,1142.0,1119.0
20160407_165210_641_721,1166.0,1221.0,1210.0,1228.0
IMG_2917_1297_485,200.0,171.0,185.0,194.0
IMG_2917_1_485,1147.0,1077.0,1100.0,1076.0
IMG_2917_1_969,652.0,663.0,766.0,795.0
IMG_2917_649_485,826.0,776.0,754.0,719.0
IMG_2930_1297_969,1255.0,1249.0,1233.0,1219.0
IMG_2930_1945_969,1463.0,1442.0,1461.0,1453.0
IMG_2930_1_485,574.0,599.0,613.0,610.0
IMG_2930_1_969,144.0,160.0,156.0,146.0
IMG_2930_649_969,949.0,937.0,911.0,898.0
IMG_2932_1297_485,714.0,626.0,639.0,641.0
IMG_2932_1297_969,867.0,842.0,839.0,821.0
IMG_2932_1945_485,788.0,786.0,796.0,755.0
IMG_2932_1945_969,747.0,728.0,744.0,715.0
IMG_2932_1_969,519.0,572.0,534.0,511.0
IMG_2932_649_969,684.0,713.0,695.0,681.0
IMG_2933_1297_485,983.0,947.0,920.0,892.0
IMG_2933_1945_485,1179.0,1131.0,1126.0,1074.0
IMG_2933_1_969,721.0,702.0,691.0,689.0
IMG_2933_649_485,1003.0,964.0,965.0,941.0
IMG_2933_649_969,386.0,359.0,381.0,391.0
IMG_2934_1297_969,1013.0,967.0,943.0,914.0
IMG_2934_1945_485,465.0,410.0,426.0,444.0
IMG_2934_1945_969,812.0,761.0,745.0,722.0
IMG_2934_1_969,1231.0,1206.0,1201.0,1176.0
IMG_2934_649_969,1005.0,997.0,982.0,935.0
IMG_2935_1297_485,401.0,372.0,364.0,363.0
IMG_2935_1297_969,885.0,805.0,803.0,797.0
IMG_2935_1945_485,609.0,536.0,567.0,594.0
IMG_2935_1945_969,1188.0,1104.0,1107.0,1066.0
IMG_2935_1_485,330.0,291.0,304.0,300.0
IMG_2935_1_969,1122.0,1082.0,1096.0,1071.0
IMG_2935_649_485,352.0,327.0,361.0,386.0
IMG_2935_649_969,1233.0,1139.0,1162.0,1122.0
IMG_2936_1297_969,1694.0,1630.0,1641.0,1579.0
IMG_2936_1945_485,398.0,329.0,321.0,337.0
IMG_2936_1945_969,1037.0,946.0,926.0,894.0
IMG_2936_1_969,1293.0,1213.0,1208.0,1152.0
IMG_2936_649_969,1415.0,1351.0,1339.0,1271.0
IMG_2937_1297_485,1220.0,1119.0,1117.0,1077.0
IMG_2937_1297_969,407.0,371.0,358.0,344.0
IMG_2937_1945_969,1309.0,1218.0,1215.0,1171.0
IMG_2937_1_485,1392.0,1286.0,1292.0,1247.0
IMG_2937_649_485,943.0,901.0,890.0,845.0
IMG_2937_649_969,765.0,624.0,618.0,623.0
IMG_2938_1297_1453,795.0,804.0,795.0,752.0
IMG_2938_1297_485,760.0,754.0,758.0,721.0
IMG_2938_1297_969,486.0,474.0,526.0,538.0
IMG_2938_1945_1,502.0,390.0,383.0,406.0
IMG_2938_1945_485,897.0,840.0,816.0,775.0
IMG_2938_1_969,620.0,639.0,629.0,626.0
IMG_2938_649_485,784.0,785.0,782.0,761.0
IMG_2938_649_969,665.0,647.0,690.0,687.0
IMG_2940_1297_485,1281.0,1180.0,1182.0,1126.0
IMG_2940_1945_485,1203.0,1088.0,1067.0,1026.0
IMG_2940_1_969,1172.0,1118.0,1102.0,1069.0
IMG_2940_649_485,742.0,724.0,706.0,673.0
